informer,text
MOD,"SI OS PARECE, COMENZAMOS CON UNA RONDA DE PRESENTACIONES Y ME DECÍS SI OS PARECE EL NOMBRE, 
VUESTRA EDAD, VUESTRA PROFESIÓN, CON QUIEN VIVÍS EN CASA, SI TENÉIS HIJOS SI NO Y UN POCO LO QUE 
OS GUSTA HACER A NIVEL DE HOBBIES. Y COMO ULTIMA COSA, CUAL HA SIDO EL ÚLTIMO IMPACTO O COSA 
EN TEMA DE POLÍTICA QUE HABÉIS RECIBIDO... IMPACTO ME REFIERO A UNA NOTICIA O AL FACEBOOK ALGO 
QUE OS HAN PASADO UNA BROMA O…NO SÉ... ALGÚN MEME AL GRUPO DE WHATSAPP, EMPECEMOS POR... 
COMENCEMOS CON UNA RONDA DE PRESENTACIONES."
M7,"Me llamo M7, tengo [ a ] años, soy [profesión en sanidad], trabajo en un centro de sociosanitario, 
bueno es lo mismo, hace muchos años que trabajo, vivo en pareja también desde hace muchos años y tengo  
criaturas, una niña de [-] años y una de [-] años. Vivo en Barcelona. Hago teatro, estoy muy interesada 
en las artes escénicas en general, y la naturaleza, sin excesos, de joven daba más caña, ahora menos, hago 
senderismo a menudo."
MOD,¿Y EL IMPACTO POLÍTICO QUE HAS TENIDO ÚLTIMAMENTE?
M7,"Relacionado con el proceso, es lo primero que me ha venido a la cabeza cuando me lo has dicho que me 
afectará, que fue un impacto real, cuando dijeron el tiempo que pidió la fiscalía para los presos políticos. 
Bueno, por los presos... es una historia que me impactó. Por la cantidad de años... Pensé que la estrategia 
ahora estaría disminuyendo un poco, ¿no? Como si el tono, un poco, del gobierno central hubiera cambiado 
un poco y espera que fueran menos años, ¿no? Y me sorprendió, me sorprendió... pensé... ""¡Ostras!""."
MOD,SEGUIMOS...
M6,"Hola yo me llamo M6, y trabajo como profesora […], y bueno, mis pasatiempos son: viajar, el cine, 
escuchar música, la jardinería también, la danza, me gusta el flamenco y bailar también. También me gusta 
caminar, hacer senderismo... Contacto con la naturaleza."
MOD,¿TU EDAD?
M6,Tengo [+de ]
MOD,VIVES...
M6,"Estoy soltera, no tengo hijos y vivo sola. Como impacto el vídeo de los Morancos, es divertido, se trata de 
la independencia, es una parodia, ataca un poco la postura de no a la independencia, es divertido. Y bueno, 
ahora tampoco me ha venido nada más a la cabeza..."
MOD,"PERO ¿SE METE CON UNOS, CON LOS OTROS? ¿CON TODOS...?"
M6,"... Bueno es un poco la posición de que no... bueno... que dicen que el dinero se lo queda en España, pero 
luego... Bueno es en plan divertido, porque montan en bicicleta, como si fueran, proclamando las ideas, Bueno 
se meten un poco con Puigdemont... Uno hace de... y bueno es como un poco hablar de cosas, de las dudas, 
de es una poca parodia, anti la postura..."
MOD,INDEPENDENTISTA...
M6,Anti-independiente... Bueno... a la postura independentista es un poco parodia sobre esto.
MOD,"BIEN, LO BUSCAREMOS, NO SÉ SI LO HA VISTO EL RESTO... ¿OS SUENA?"
M6,Sí... Es bastante divertido...
MOD,"DE ACUERDO, SEGUIMOS."
M5,"Me llamo M5, trabajo como [titulado en economía], tengo [-] años, vivo en casa de mis padres, 
acabo de volver de vivir fuera así que espero que sea temporal, y... Cosas que recientemente me han 
impactado... Estaba pensando en ello y me da un poco de rabia porque tengo la sensación de que normalizar 
las cosas que no son normales, hay veces que no te sorprendes cosas que son muy fuertes, pero... Cuando 
dijiste, por ejemplo, lo de las penas, pensaba: ""A mí me sorprendió, pero tal vez no el día de las penas porque 
ya había oído tantas veces los años que rondaban que el día que salieron fue entonces cuando confirmaron lo 
que escuché"". Lo que si recuerdo que me impresionó mucho fue el primer día que empecé a pensar que se 
normalizaba, de que era normal de que esta gente perdiese toda su vida estando en prisión por el hecho de 
haber dejado votar. ¿No? Tal vez no fue el día en que salieron las sentencias, pero fueron los días que 
pensaba: alguien puede decir que sí es normal que estas personas tengan que pagar con sus vidas, porque si 
realmente tienen  años... Por el hecho de haber dejado la votación. No me parecía normal."
MOD,CUANDO DICES QUE HAS ESTADO FUERA... ¿CUÁNDO HAS REGRESADO?
M5,Regresé hace  año más o menos... Por Ahí
MOD,"¿Y ESTUVISTE MUCHO TIEMPO? ¿ATERRIZASTE Y VISTE EL PANORAMA, O...?"
M5,"No, no... ya lo seguía..."
MOD,"BIEN, ¿SEGUIMOS?"
M4,"Hola me llamo M4, tengo [-] años, trabajo de técnica […] en una ONG, vivo sola, ahora estoy soltera 
no tengo hijos ni pareja, y el impacto del Tribunal Supremo, lo del impuesto de las hipotecas. Yo flipé, ya sé 
que los poderes fácticos son muy poderosos, ¡pero no pensaba que tanto! Y me pareció escandaloso. Debido a 
que saltaron el 1er artículo de la Ley de Enjuiciamiento Civil, mi padre es abogado y me lo dijo. ¡O sea, una 
sentencia firme no se puede cambiar! ¡Los propios jueces lo hicieron! Todavía estoy alucinando. Y me 
sorprendió mucho. Para peor."
MOD,¿VIVES EN BARCELONA?
M4,¡Si! En [barrio del Distrito de Ciutat Vella].
MOD,¿EL RESTO EN BARCELONA?
M5,Si...
M6,Barcelona [barrio norte de Barcelona]...
MOD,MUY BIEN CONTINUAMOS...
M3,"Hola me llamo M3 tengo [-] años, estoy casada, tengo  hijos, y trabajo como administrativa. Y que 
me impactara no lo había pensado mucho, pero lo que ella dice la verdad es que... Bueno tengo familia que 
trabaja en la banca, y creo que esto de dónde digo una cosa después otra, y esto significa que es con todo un 
poco y... Pues que pueden hacer lo que quieren siempre."
MOD,SEGUIMOS
M2,"Soy M2 tengo [-] años, estoy casada tengo  hijos, me gusta caminar en la montaña, para los niños y 
todo esto es lo mejor, y trabajo como administrativa en [sanidad]. Y lo que me ha impactado, que ya pensé en 
otra cosa de la política y con miedo por mis hijos y todo eso, es cuando pasó lo de las votaciones del -O 
porque un [conocido] mío que está muy cerca, por su trabajo porque con una ambulancia tuvo que ir a 
ayudar, porque pasó de todo lo que pasó, entonces tuvo que ir a ayudar a las personas que estaban heridas, 
pero yo de aquí ya, desde eso... Pero qué está siendo un lio ¿no? Que no sabes qué hacer, si una cosa o la otra, 
pero ese día me impactó cuando me lo explicó todo."
MOD,TERMINAMOS LA RONDA...
M1,"Yo me llamo M1 tengo [-] años, actualmente trabajo en [industria sector químico], siempre he 
estado en el sector turístico, y vivo en pareja y en [municipio del Bajo Llobregat]. Y mis principales 
pasatiempos son jugar al pádel y la cocina, porque me relaja básicamente. Y hechos que me hayan así... 
Particularmente hay muchos, pero un poco la... Ver que el panorama, independientemente de la opción 
política que haya, en la realidad después todos se mueven por intereses. Y con un poco de desconcierto en ver 
que siempre está el poder fáctico que es quien manda."
MOD,¿NO HAY NADA CONCRETO QUE...?
M1,"Una experiencia personal que he tenido, yo he tenido, mi padre es de Navarra, y siempre desde pequeños 
hemos ido allí, tengo familia muy cercana, primos hermanos y tíos de allí. Y siempre nos habían dicho polacos, 
pero yo lo aceptaba y ahora ya han pasado a decir otras cosas y que cuando tendré el pasaporte. Pues yo soy 
la misma que era antes. Que ahora hace un mes, un año y  años. Y esto es lo que tal vez dices: ¡Ostras!"
MOD,"MUY BIEN. DE ACUERDO, EN LA REUNIÓN HABLAREMOS UN POCO SOBRE ELLO, HABLAREMOS SOBRE LOS 
HECHOS, PERO TAMBIÉN HABLAREMOS UN POCO DE EMOCIONES Y DE LA VIDA DIARIA. LO QUE HA 
IMPLICADO TODOS ESTOS MESES. UN PEQUEÑO DATO: ¿EDAD TIENEN VUESTROS HIJOS?"
M2,El mío [menos de ] años.
M3,Yo [de  a ].
MOD,"VAMOS A COMENZAR, TODAS TENÉIS PAPEL Y BOLI, OS PEDIRÍA QUE APUNTARAIS LAS IDEAS QUE OS VIENEN 
A LA CABEZA SI DIGO ""PROCÉS"", ""EL PROCÉS INDEPENDENTISTA""... TODA ESTA ETAPA QUE LLEVAMOS MESES, 
AÑOS VIVIENDO... SI YO OS DIGO ""EL PROCÉS"" ¿QUÉ ES LO QUE SE OS VIENE A LA CABEZA? PUEDEN SER 
IDEAS, PUEDEN SER PALABRAS SUELTAS... UN POCO UNA LLUVIA DE IDEAS... EMOCIONES, HECHOS, 
PERSONAS, COSAS BUENAS, COSAS MALAS, COLORES, IMÁGENES..."
MOD,"VAMOS A PONERLO EN COMÚN, ¿QUÉ HABÉIS ESCRITO?"
M4,Agotamiento.
MOD,¿ESTO SERÍA COMO DE AHORA? ¿SERÍA TU SITUACIÓN ACTUAL?
M4,"Sí... Tal vez hace un año y medio que estoy muy cansada ya del tema. Sí, voy cambiando, empecé con 
ilusión y ahora ya no puedo más."
MOD,"¿QUÉ MÁS? DESPUÉS HAREMOS EL RECORRIDO, PERO, ASÍ COMO IDEAS, AGOTAMIENTO... ¿EL RESTO 
COMPARTÍS ESTO?"
M3,Sí...
MOD,SI Y QUE MÁS
M3,"Yo he puesto ""peleas"" pero la palabra no está bien a el mejor... Pero tengo la imagen del día de la 
votación, para mí es una imagen..."
MOD,¿EL -O?
M3,"Sí, creo que son imágenes muy fuertes que tienes en mente, ¿no? Estás a favor o no, fue una situación 
que no se debió haber producido. O sea que para mí también es un poco... Dijiste imagen... Era esto lo que 
quería decir, con las ""peleas"" no está a lo mejor bien expresado, pero es eso lo que quiero decir."
MOD,Y TE VIENE ALGUNA IMAGEN EN CONCRETO O...
M3,"En general todo lo que... como mucha gente con sangre, o sea todo eso era como una gran aglomeración 
de personas sufriendo en ese momento."
MOD,"VALE, ¿QUÉ MÁS?"
M6,"Yo también en este sentido, bueno, con respecto a las diferencias de opiniones, tristeza porque también 
causó mucha polémica, muchas personas, entre la familia, entre compañeros de trabajo, amigos... que 
también algunos eran de una opinión, de unas ideas y otros de otras, Que haya tanta confrontación. La gente 
está muy crispada."
MOD,¿ESTABA O ESTÁ?
M6,"Esta también, estaba y está. 
¿Sí? ¿TODAVÍA ESTÁ ESTA CONFRONTACIÓN?"
M6,A veces es mejor no hablar de política... es que si no... Puede terminar mal...
MOD,¿PONDRÍAMOS SILENCIOS?
M5,"Yo he puesto ""gritos"", porque con esta incomprensión también por lo que he vivido en casa y yo misma 
muchas veces hablando con la gente, termina gritando la gente, y peleando, y he visto cómo mi madre chillaba 
a mi padre porque dudaba qué votar, y no tenía derecho a dudar, y como mi tía ahora ha dejado de hablar con 
mi madre y han sido chillado porque votaban cosas diferentes, y han sido adorado toda la vida, quiero decir 
que de jóvenes casi se salvan la vida la una a la otra."
M6,Es una pena lo que esto ha creado...
M5,"Y lo he vivido con tristeza, pero sobre todo por cómo se ha podido llegar a chillar en la mesa porque uno 
no tenía derecho a tener una opinión que fuera diferente de otra."
M4,Con los padres delante no podemos opinar de este tema porque cada uno piensa de una manera...
MOD,¿ES TABÚ YA?
M2,"Sí, en mi familia sí."
M7,"Creo que, en mi caso, por ejemplo, lo que pasa es que hay una cierta precaución antes de manifestarme 
abiertamente y a veces sí sé que hay un punto de diálogo, trato de establecerlo porque me gusta discutir, 
porque soy del tipo de discutidora, pero si veo que estamos en polos, paso porque no tengo ganas... Sobre 
todo, si hay una relación de afecto, si eres una persona que no me importa, discutimos y me quedo tan ancha, 
pero si eres alguien a quien tengo cariño y sé que estamos en las antípodas, es un tema que intento evitar."
M2,"Yo con mi marido y eso sí, me refiero a mi familia que es de Extremadura o Andalucía, y luego la familia de 
mi marido que hay una que es de aquí, y luego piensa... Y claro tú estás en el medio y estás de acuerdo con 
unas cosas y otras también y es como un lio, pero yo diría miedo, miedo sobre todo cuando sucedió esto de 
los... Cuando vi en la televisión todo esto de las heridas, ¿cómo será el futuro? Con mis hijos, ¿qué pasará? 
¿Todo esto? Confusión e incertidumbre."
MOD,"PORQUE ESTO QUE DICES QUE PIENSAN DIFERENTE... HAY MUCHAS COSAS QUE SE PIENSAN DIFERENTES, 
¿ESTE ES DIFERENTE DE LOS OTROS TEMAS QUE SE PUEDE PENSAR DE MANERA DIFERENTE? 
M2- Sí..."
MOD,¿POR QUÉ PUEDE SER...?
M6,Sí... es un tema más serio...
M4,"Creo que es porque toca la emoción y ya se encargan de que sea así, por eso he puesto responsabilidad, 
porque me parece muy grave, o sea a colación de todo lo que han dicho ellas que no es mi caso, tal vez 
también porque soy habladora siempre soy muy diplomática, o intento, pero sí que tienes razón que hay 
energúmenos que no son necesarios, pero me parece que sí que la gente se ha ido crispando de estas 
maneras porque es que el espejo donde vemos que es la clase política, decirle cómo queráis los ejemplos, no 
han hecho ningún tipo de pedagogía, es confrontación todo el tiempo, ataque, ataque, ataque, ataque, si tú 
insuflas eso todos los días, en la radio, en la televisión, en la prensa... ¿Dónde quieres que esté la gente? Y por 
eso estoy cansada y creo que son muy irresponsables. Aparte de que obviamente soy demócrata y me parece 
muy grave lo que está pasando, pero se pueden decir las dos cosas. Jo lo pienso así."
MOD,¿QUÉ MÁS?
M5,"Yo he puesto rabia porque esta vez pensé que más tenía la imagen de Dastis cuando fue a la Tele 
americana y dijo ""todo lo que ha pasado es mentira, las imágenes están todas manipuladas"", compañeros de 
trabajo que son de Madrid diciéndome ""no, pero estos  heridos son mentira, os los estáis inventando, 
¿dónde están los partes médicos? ""Rabia de la manipulación de hasta qué punto se puede llegar a mentir."
M2,"Si a mí me pasó cuando fui este verano a Extremadura, y algunos me dijeron esto, que era mentira, pero 
como esta familia fue al lugar de los heridos y ya tal, ""¿Ah sí?"" depende de qué canales pueden ver porque 
pasa esto y esto..."
M6,Claro es que manipulan todo...
M1,"No ven desde fuera y… ya te digo, como si fuéramos súper malos y ver yo no estoy ni a favor ni en contra 
del proceso, yo creo que ambas partes tienen sus cosas positivas, pero también dar esta imagen de que somos 
los miserables y que... tampoco no creo que sea muy coherente."
M7,"Y con todo esto hay un hecho que para mí es lo que más me... que es cárcel. Me viene a la mente la 
palabra cárcel. Porque creo que, esto independientemente de lo que pienses..."
M6,"... Es fuerte... 
M7... ¡Me parece muy fuerte esto, esto! He hecho un cambio sobre todo este tema yo pensaba de una 
manera al principio y ahora pienso de otra, y me parece muy fuerte. Una palabra que también he apuntado es 
bandera, tantas banderas me habían producido siempre un poco de grima, en general ¿eh! Todas, y yo he 
hecho un giro, yo soy de las convertidas ¿no? Yo hace  años no hubiera ido a votar, y ahora votaría que sí. 
Votaría que sí, pero me pesa como una losa lo de la cárcel, no puedo sacarlo de mi cabeza, ¡hay gente en la 
cárcel! Gente que pueden estar  o  años de su vida, me parece muy fuerte. Me parece muy fuerte, y para 
mí es lo mismo lo que pienses es igual... Eso para mí me pesa que... Que de ahora en adelante ya... Bueno..."
M6,"Por eso con esto de las penas i todo esto pongo optimismo, para ver si las cosas cambian y recapacitan y 
son objetivos de que esto es algo exagerado."
MOD,CREES QUE DE CARA AL FUTURO... SE ARREGLARÁ...
M6,"Ver, claro... Prefiero pensar eso porque me parece muy fuerte, el que pasan su vida por algunas ideas 
políticas, se debe respetar todo."
MOD,¿ALGUIEN HA PUESTO ALGUNA IDEA CON ALGUNA CONNOTACIÓN MÁS POSITIVA?
M4,Yo he puesto épica por el -O...
M7,Si... Yo también
M4,"... Porque se te pone la piel de gallina, con la organización, las urnas, la organización del pueblo, es 
alucinante. Estás de acuerdo o no, me parece muy heavy."
M7,Para mí también fue muy emocionante.
MOD,¿PARA EL PUEBLO? ¿SOBRE TODO SERÍA?
M4,"Hablo de la gente, sí, ciudadanos vaya, no los de arriba, no."
M7,"Sí, yo también ese día fue muy emocionante y a veces, claro yo ahora estoy posicionada, pero a veces yo 
también tengo familia en Teruel que el año pasado fui a Teruel y, yo paso, ¿No?  Pero a veces pensaba en la 
escuela en donde yo estaba, por ejemplo ¡se aplaudió a gente que entró con la bandera española atada al 
cuello! Entonces esto... Esta imagen para mí... Yo, mi cuñada estuvo defendiendo la escuela, no sé qué... ¡y 
votó que no! Quiero decir que..."
M4,"Sí, sí, diez horas estuve en la calle, cómo todos, ¿no? ¡O como mucha gente!"
M7,¡Fue un día muy emotivo!
M1,"Yo también trataría un tema económico. Porque también a consecuencia de todo esto ha habido muchas 
pérdidas de empleo. Y reales, porque yo lo he sufrido. En el sector turístico..."
MOD,¿REPERCUSIONES ECONÓMICAS?
M1,"Sí. En el sector turístico, aunque ha habido un repunte, pero fueron  meses de cancelaciones y despidos 
fulminantes. Que hubo, porque la gente por la prensa que se les dio no quería venir aquí porque pensaban 
que era un Ulster o algo así."
M1,"... No, es verdad, ¿eh?"
M3,"A mí a fuera me han preguntado si íbamos seguros por la calle, también."
M1,ah sí sí
M1,"Era lo mismo que si fuera del resto de España o del extranjero, congresos y todo esto se cancelaron de 
octubre a febrero-marzo, hubo cancelaciones muy heavys."
M6,Y el atentado también que hubo también se hizo que...
MOD,"¿LO COMPARTÍS TAMBIÉN EL RESTO? ¿TENÉIS ESTA PRECEPCIÓN DE QUE LA ECONOMÍA HA PERDIDO O QUE 
HA AFECTADO A LA ECONOMÍA TAMBIÉN?"
M7,"No sé si en la economía, pero si hay como una sensación de desgobierno, ¿no? De Desgobierno. Y otros 
temas no se están abordando."
MOD,VALE... SE HA CONVERTIDO EN EL TEMA Y OTROS TEMAS SE HAN QUEDADO...
M3,"Y muchas empresas han cambiado su sede también, o han tenido problemas puede..."
M2,"Pero han vuelto algunas, ¿no?"
M3,"Si bueno, pero durante un tiempo... o productos de Cataluña que se paralizaron un poco..."
MOD,PRODUCTOS CATALANES QUE NO...
M4,Yo es que no lo sé...
MOD,QUE HAN PERDIDO VENTAS PARA SER CATALANES...
M7,Bueno corrían listas por Internet de productos a los que se les iba a hacer boicot...
M3,"¿Pero después todo esto ha sido real? Lo digo por lo que se decía... No sé... Estas listas sí, lo que tú decías 
había listas para no comprar productos de aquí de Cataluña."
MOD,"¿HAY ALGUNA OTRA IDEA QUE NO ESTÉ AQUÍ O MÁS O MENOS HEMOS DIBUJADO EL PANORAMA DEL 
PROCÈS? VALE. BIEN, AHORA ME GUSTA CON ESTE MARCO QUE ESTA AQUÍ RODEADO, PERO ME GUSTARÍA 
QUE HICIÉRAMOS EL RELATO O EL CRONOGRAMA DE LOS HECHOS. LO CONSTRUIMOS ENTRE TODAS, PARA 
VER DONDE COMIENZA TODO, NO SÉ HASTA DÓNDE NOS VAMOS A IR, HASTA HOY. IMAGINEMOS QUE 
TENEMOS QUE EXPLICAR A ALGUIEN, IMAGINEMOS A ALGUIEN QUE ES DE OTRO PAÍS, QUE NO SABE NADA 
DEL TEMA, ¿QUE LE EXPLICARÍAMOS? ¿CÓMO EMPEZARÍAMOS? VAMOS A HACERLO AQUÍ... AQUÍ SERÍA 
COMO LOS COMIENZOS, Y AQUÍ SERÍA EL MOMENTO ACTUAL."
MOD,MENTE QUE COMIENZA?
M7,"Creo que empieza con las movilizaciones, bueno, esto es que también lo he discutido mucho, muchas 
veces se utiliza, a ver si lo sé explicar, como que los partidos catalanes, especialmente los partidos de 
centroderecha, los partidos catalanes han manipulado a la población. Creo que un poco el procés ha sido a la 
inversa, ¿no? Creo que, como resultado de la crisis, de los recortes, la gente volcó su angustia hacía aquí, 
porque recuerdo el  de septiembre aquel que fue multitudinario, sí, que yo era la primera vez que iba a un 
 de septiembre. Porque era un tema que nunca había agitado demasiado tal vez, pero fue un poco en 
respuesta, como una reacción al momento de la crisis, de malestar que se estaba viviendo, creo que ¿eh? Que 
desde aquí se canalizó por ahí. Y creo que en aquel momento Convergencia dijo ""Esta es la mía, lo cazó y me 
subo al carro”. Este es mi sensación. Después evidentemente ha habido muchas manipulaciones..."
MOD,¿QUÉ PENSÁIS EL RESTO? ¿ESTARÍAIS DE ACUERDO?...
M4,Yo un poco antes... con el estatuto.
M5,¿en el ?
M4,"Sí, con la recogida de firmas, los megarecortes de nuestro estatuto, que en Andalucía las aprobaban, claro 
que ves esto y..."
MOD,¿SÍ? ¿LO VEIS AQUÍ?
M4,"Si lo que dicen ellas lo comparto, pero creo que antes... que después se hizo el pacto fiscal para tratar de 
paliar un poco todos los recortes en el estatuto y la negativa fue lo del millón de personas, y luego el giro de 
""he sido nacionalista toda mi vida, ahora quiero la independencia""."
M1,Yo incluso iría un poco más atrás...
M4,"No claro, podemos ir a ..."
M1,"... No, no, a la época de Pujol, por ejemplo. Que Pujol si hubiera negociado un tipo Navarro o el País 
Vasco, entonces tal vez aquí, quiero decir que tenemos la sensación porque lo teníamos, pero tal vez con la 
cuestión económica no había sido tan descaradas las diferencias que había. Igual me he ido mucho más allá, 
¿eh?"
MOD,¿DE CUANDO SE VOTA LA CONSTITUCIÓN?
M1,"No, no, posterior... Cuando estuvo el gobierno de Convergencia votaba a favor de quién estuviera, hacía 
los pactos estos que hacía... Y en ese momento era un buen momento para decir: ""Señores, un estatuto con 
cara y ojos"" y queremos los derechos, por ejemplo, no un derecho foral como Navarra o el País Vasco, pero 
muy similar."
M3,Pero estas hablando de la Transición entonces...
M1,No... Un poco más...
M5,"De Aznar, de cuando Pujol hizo..."
M4,"¡Pero el pueblo no se movilizaba! Aunque Pujol no pedía nada... 
M5... ¿Sabes lo que dicen? Que Pujol lo rechazó, corren rumores de que Pujol no quería un tipo de concierto 
económico como el del País Vasco. Quiero decir que tuvo su momento y él mismo se rechazó..."
M1,"Y ¿Porque lo rechazó? Yo he estado viviendo en el País Vasco y no tiene nada que ver con lo que hay 
aquí..."
M7,"Entonces para aquello tan catalán de los peces en el saco... Porque lo era, es la derecha catalana..."
M1,"Sí, pero una derecha catalana nacionalista y que también incluía a bastante sector de la bu... A ver no 
digo, en cuanto a la idea de derecha o izquierda ¿eh? Pero el sentimiento nacionalista, pero para mí la 
sensación que me ha dado es que se aprovecharon, lo que decía un poco, que al final todos van a su bolsillo. 
Porque en aquel momento era un buen momento para decir: Caballeros... ¿Somos decisivos no? Para hacer, 
y… no se ha hecho. Entonces nos hemos ido dejando, que tal vez habría sucedido lo mismo no digo que no, 
pero es como decir... No lo entiendo..."
M2,"Hay gente muy mayor que dice: ""¡Por fin después de tantos años!"", bueno yo recuerdo que este año 
pasado en Navarra que me llamarón ""polaca"", de pequeña ir a Extremadura y ""Polaca"", entonces que todo 
esto viene de muchos años y luego los sentimientos de los abuelos ¿No?"
MOD,"ENTONCES TÚ DECÍAS PUJOL, TAMBIÉN HA SALIDO SI JUSTO EN EL MOMENTO EN QUE FRANCO MUERE JA SE 
DETERMINAN LAS AUTONOMÍAS O TODO ESTO... ¿NO SE SI AQUÍ ESTARÍA UN PUNTO O SI ESTO SERÍA IR 
DEMASIADO ATRÁS?"
MOD,"O SEA, ES MÁS EL TEMA DE PUJOL QUE NO QUISO EL CONCIERTO ECONÓMICO, ¿NO? QUE NO LUCHÓ ESTE 
TEMA, EL TEMA DE ""POLACOS"" QUE DECÍS QUE ES HACE MUCHO TIEMPO TAMBIÉN, Y QUE... ¿HAY COMO UN 
RIVALIDAD DIGAMOS?"
M1,"Bueno, también hay miedo a lo desconocido ¿no? Yo creo o me gusta siempre pensar que las fobias no 
son porque sí."
M2,"Jo no lo entendía, le decía a mi padre ""¿porque me llaman polaca?"", es que no lo entendía..."
M1,Pero ¿por qué? Porque yo tampoco entiendo por qué...
M2,No... Por el acento o porque... Perdón que hable en castellano es que pienso mejor...
MOD,PODÉIS HABLAR EN EL IDIOMA QUE MEJOR OS EXPRESÉIS...
M2,"Porque ya llevo desde hace muchos años ya en que digamos que el catalán de toda la vida se quiere 
independizar, bueno depende de quién o depende de que..."
M6,Bueno yo creo que es una cuestión más de...no es tanto de
M2,"Bueno es que yo he escuchado varios casos de, por ejemplo, a ver que yo no estoy posicionada con 
ninguno eh, pero que tampoco lo he visto bien, mi abuela o bisabuela por ejemplo que daba clases de catalán, 
pues claro, casi fusilada digamos, y tuvo que tirar sus libros de catalán y se los quemaban y todo esto, 
entonces esa persona tiene sentimiento, y entonces claro..."
M7,Seguramente la gente mayor que vivió...
M6,La guerra la época de la...
M7,"La postguerra... se le han removido cosas, ¿no?"
M4,"Un germen de anti catalanistas, aunque es pequeño, creo que siempre ha habido, porque ""una grande y 
libre"" no pueden negar que hay personas y los poderes fácticos les va esta idea de España, entonces no 
entienden la diferencia como un valor añadido. ¡No les gusta!"
M5,"Tengo la sensación, respeto a lo que dices: Tener un enemigo va bien, ¿no?  ¿Para hacer política? Un 
enemigo para poder decir del cual ""es que nosotros siempre luchamos contra ellos""... Siento que es esto lo 
que se quiere crear el imaginario este del enemigo catalán y afortunadamente los recortes del estatuto van 
muy bien... 
M4... Están muy bien dan votos... Si..."
MOD,"ESTARÍAMOS COMO COM UNA HERENCIA, PORQUE NOSOTROS A LO MEJOR NO, PERO SI QUE TU DECÍAS ""MI 
ABUELA, TAL..."" HAY COMO, VIENEN COMO ALGUNAS EMOCIONES QUE VIENEN DE LEJOS, PERO EN HECHOS 
CONCRETOS SERÍAN O EN EL TEMA DE PUJOL O EN EL TEMA DEL ESTATUTO ¿NO? ¿CUÁL ES EL RELATO DE 
ESTO? ¿LO QUÉ RECORDÁIS?"
M7,"En la frase del Zapatero ¿no? ""Aprobaré""..."
MOD,"ZAPATERO AQUÍ NOS VIENE, ¿QUÉ DECÍA ""APOYARÉ""?"
M7,Mira que lo he oído más en broma.
M5,"... el estatuto que apruebe el parlamento de Catalunya, y no!"
M5,"A mí lo que me viene a la cabeza es de los primeros momentos en que empiezo a cuestionarme si 
realmente hay opción de diálogo. Si realmente este entendimiento que siempre tenemos que ir a buscar y con 
lo que me gusta creer, quiero decir que puedes hablar y puedes dialogar, si realmente existe. Para mí es de los 
momentos que tocas fondo, dices bueno ya..."
MOD,¿PERO ESTO TE LO EMPIEZAS A PLANTEAR DESDE AQUÍ? ¿O…?
M5,"Bueno yo en aquel momento no lo planteé así, ahora con perspectiva veo que es de los momentos que 
ponen en duda que realmente si somos capaces de hacer eso, ¿qué se debería negociar?"
MOD,"VALE, QUE HAY UNA DIVISIÓN INSALVABLE O QUE PARECE SER INSALVABLE"
M5,"Bueno que cuando ahora vierte en el diálogo ¿no? Recuerdo este momento y pienso, bueno, ¿volveremos 
a pasar por esto otra vez? Y si en aquel momento salió así... Ahora... ¿Quién nos ayudará a tener diálogo? 
Porque en aquel momento no hubo..."
MOD,¿COMO UN DIALOGO FALLIDO DE ALGUNA MANERA?
M5,Si.
MOD,¿QUÉ MÁS? ¿QUE IMPRESIONES MÁS TENÉIS DE AQUEL MOMENTO DEL ESTATUTO?
M4,"Bueno, también recuerdo que aquí no se hizo... También había... No quiero decir una palabrota, pero 
mamoneo, porque aquí teníamos el tripartito, el Mas fue solo a hablar con el Zapatero, que yo era más 
pequeña pero también comencé a preguntarme ""a ver... ¿Qué está pasando? "" O sea, ¿por qué el principal 
interlocutor de un estatuto ha de ser el principal partido de la oposición? No lo estoy entendiendo. Y aun sigo 
sin entender que paso porque lo tengo que revisar, pero bueno podría revisar… pero esto lo recuerdo."
M3,Yo también recuerdo que se movían mucho para tener un protagonismo y...
M7,"La foto, la foto..."
M4,¡Intereses...!
M3,Para salir en la foto...
MOD,¿O SEA QUE NO ERA UN PACTO CON BASE REAL DEL QUE ERA EL INTERÉS DE LA GENTE?
M3,"Creo que no era real, creo ¿eh? A Ver que sí estaban convencidos de lo que hicieron, pero más que nada 
era el protagonismo del momento y sus intereses."
MOD,"VALE, ¿QUÉ MÁS? ¿ALGO MÁS? ¿ALGÚN RECUERDO CONCRETO DE ESTE PUNTO? ¿DE ESTE MOMENTO? 
¿FUISTEIS A VOTAR EL ESTATUTO? ¿LO RECORDÁIS?"
M7,"Sí... Sí, sí, aunque creo que no había en ese momento, pese a que cuando lo tumbaron pensé ""¡Ostia!"", no 
había la trascendencia que tiene ahora cualquier decisión! Quiero decir porque tumbaron el estatuto y una 
vez ""que Pesaos el PP, ¡no sé qué!"", bueno el PP no, el Tribunal Constitucional que pesaos que no sé qué 
siempre, pero no había esta sensación de trascendencia que tienen ahora las decisiones. Al menos para mí 
que más o menos siempre me ha interesado la política y así, en aquel momento pensaba... más de lo mismo 
¿no? Como que mis intereses no estaban tan centrados en el tema nacional, ¿no? Creo que no tuvo la 
repercusión..."
M2,"¡Interesa más la política ahora, claro!"
M4,... Pero ¡porque hay redes sociales y en aquel momento no!
MOD,¿ES UN FACTOR?
M4,"Creo que sí, el virus es ..., la expansión de la noticia y la urgencia es algo…"
M7,"No creo que sólo por las redes porque por ejemplo no soy muy usuaria de Twitter ni... Además, intento..."
M4,"... Pero yo creo que el ecosistema es diferente... Creo que el ecosistema ha cambiado... social 
M7... ¡Sí, hombre! Evidentemente seguro de sí, pero yo que sé, tengo una hermana mayor cuando fue gente... Yo en casa sólo veía pegatinas de ""OTAN NO"" no sé qué, y no había redes sociales en ese momento, 
pero por lo que fuera aquella noticia si tubo impacto, hizo que la gente se despertara, que saliera a la calle. El 
estatuto, todo y que sí se comentó no creo que tuviera un impacto brutal o que pensáramos ""¡Madre Mia lo 
que viene ahora!"" No, creo, o es mi vivencia. Y yo fui a votar y..."
MOD,"DE AQUÍ... ¿DÓNDE CREÉIS QUE PASARÍAMOS AL PUNTO QUE COMENTABA ELLA DE... MOVILIZACIONES 
POPULARES DEL  DE SEPTIEMBRE Y DEMÁS?"
M4,"Bueno, el cambio de gobierno aquí..., gana Artur Mas, y trata de negociar el pacto fiscal, y así estamos no 
sé si un año, es que no recuerdo..."
MOD,¿ANTES DE ESTO?
M4,Si...
MOD,¿Y QUÉ SUCEDE?
M4,"Que no, no, no, no y no. Y claro es lo que ella dice, que sí que estoy de acuerdo de que el pueblo fue por 
delante de CIU, al menos a mí me da la sensación, o sea, yo creo que el millón de personas ni Artur Mas se la 
esperaban."
M6,No...
M7,"Es que creo que le fue de narices, porque estaban con la polit..."
MOD,¿UN MILLÓN DE PERSONAS EN LA MANIFESTACIÓN?
M7,Sí.... Creo que eran  o así...
M4,¿No... no?
M7,"¿el primero? El primer  de septiembre... que no era una mani, que fue una concentración porque..."
M4,"¡No existía ni la ANC creo...! Omnium si obviamente, pero la ANC no existía creo, o sea no estaba 
convocada, pero sí sí... La gente salió indignada de, la crisis también creo, estoy de acuerdo contigo, de que 
""agravó"" el anhelo de algo diferente, de algo nuevo, se mezcló todo, entre la indignación, la crisis... ¡Pam!"
M7,"Fue una época brutal de recortes, ¿no? ¿En sanidad? En sanidad es una época brutal."
M6,Yo también pienso que también...
M7,¡También había muchas consignas contra el gobierno catalán! En aquellas concentraciones...
M5,"En sanidad recuerdo, pero contra el Mas, quiero decir... Que era el Mas quien estaba privatizando..."
M7,"¡Exacto! Que en ese momento se... ¡Lo que pasa es que fueron hábiles! Creo porque se lo hicieron... 
M1... Lo camuflaron, ¿no?"
M7,"... Lo camuflaron y se lo hicieron suyo... que dices ¡CONTXU! ¡Estoy yendo a las manis con el Mas por 
delante!"
MOD,"DIJERON: ""VAMOS A CAMBIAR DE ESTRATEGIA Y VAMOS A TIRAR POR AQUÍ"""
M4,"A veces soy demasiado ingenua, pero quiero pensar que no son tan maquiavélicos, me gustaría pensar 
que sí hay algo de ilusión en cambiar la sociedad, todo el tema de la independencia, pero sí eso creo que les 
fue de coña..."
M3,Pues yo creo que sí lo hicieron...
M4,¿Adrede?
M3,Sí
M4,¿Toda la crispación que llevamos? ¿Todos los años? ¿Prisión? Osti...
M1,"No todo el mundo, pero la gran mayoría creo que..."
M3,"Mucha gente en la calle yo creo que salió porque no tenía nada más que hacer y porque estaban muy 
agobiados y..."
M4,"Ya, la gente, ¡pero los líderes hablo yo! ¡La responsabilidad de los líderes! ¿qué hacéis?"
M6,Piensan en ellos... Los líderes piensan en ellos... No en el pueblo...
M4,Es muy grave.
MOD,"O SEA QUE VUESTRA VIVENCIA ES QUE SE APROVECHARON Y, PARA SEGUIR EN EL PODER O PARA..."
M3,"Sí, en el hospital faltaban camas y la gente no..."
M1,"Estas intervenciones las posponían, pero... estaban más con esto..."
M1,"De hecho, CIU desapareció, y se empezaron a crear otros partidos, y los de toda la vida ya no eran..."
M1,... Una correlación que de repente estabas como cargado...
M5,"Yo recuerdo cómo amigos, me daba mucha rabia ver Artur Mas y… creían esto del independentismo y 
como él era el abanderado del independentismo, cuando era él quien estaba privatizando la sanidad, por otro 
lado recuerdo la reforma laboral de Rajoy, diciendo que estaba salvando a España con su reforma laboral 
cuando estaba condenando..."
M4,Precarizando los puestos de trabajos...
M5,"O sea que no sólo fue la utilización de Cataluña, también había ciertas políticas de recortes que, si 
recuerdo muy injustas, pero sí que fueron los dos."
MOD,"ENTONCES ELLA COMENTÓ QUE COMO QUE TU VISIÓN ERA QUE LA GENTE SE HABÍA MOVILIZADO Y 
ENTONCES QUE DESDE ARRIBA COGIERON ESTA MOVILIZACIÓN, ¿NO? ¿EL RESTO TAMBIÉN TIENE ESTA 
IMPRESIÓN? ¿O CÓMO VEIS ESTE TEMA? AQUÍ ESTARÍAMOS HABLANDO MÁS DEL PUEBLO... HASTA AHORA 
HEMOS ESTADO HABLANDO MÁS DEL NIVEL POLÍTICO Y AQUÍ ESTAMOS HABLANDO MAS SOBRE 
MOVILIZACIONES..."
M3,"Bueno vieron que la gente tenía los apoyos, ¿no? Y podían continuar..."
M7,"¡Que la gente estaba enojada! Que la gente estaba enojada y salía a la calle desde hacía muchos años, 
¿no? Que la gente no salía a la calle, la gente estaba enojada..."
M4,En el  M la gente salió a la calle...
M7,¡Sí! Pero creo que no fue algo tan transversal. ¿No era tan transversal no?
M4,Lo vi como una chispa de ilusión y todavía ahora lo creo y surgió Podemos de allí...
M7,"Sí, y yo también..."
M4,Y no es ninguna tontería...
M7,"No, no es ninguna tontería, pero sí que fue, creo en gente que sí está muy vinculada con el mundo 
político, el mundo asociativo, desde las bases, de los barrios, muchas plataformas que se organizaron desde 
las bases..."
M4,Los jóvenes puede también...
M7,"Los jóvenes, muy comprometidos que estaban muy al pie del cañón en la calle... No es como ahora que 
las abuelas van a... Qué bueno... Era un movimiento más politizado... bueno esto también, pero no tan 
transversal, ¿no?"
M5,Jo justamente lo veo al contrario... Sí... Yo el  M lo veo más... horizontal y este...
MOD,"EN ESTO, NOS CENTRAMOS EN ESTE... A LO MEJOR TIENEN QUE VER ¿EH? NO SÉ SI ESTÁN COINCIDIENDO EN 
EL TIEMPO... Y TIENE QUE VER CON LOS RECORTES, CRISIS Y TAL, SALIR A LA CALLE O INCLUSO SE PUEDEN 
SOLAPAR, ¿NO? O NO SE..."
M4,"Sí, pasa al , ¿el -M? , , ... por ahí, y toda esta movida... ¡también!"
MOD,"¿O SEA ESTARÍA POR AQUÍ COMO CONTEXTO, O.?"
M7,"Es un poco anterior por eso, porque los Mosos fueron por Plaza Catalunya a repartir también..."
M3,"Sí, por eso..."
MOD,"¿Y COMO SEGUIRÍAMOS? TENEMOS ESTAS MOVILIZACIONES... ¿Y CÓMO CONTINUARÍAMOS A PARTIR DE 
AQUÍ?"
M7,"Es que todo se ha ido polarizando, además, es que es muy difícil mantenerse en una situación intermedia, 
o sí o no, pero..."
MOD,"PERO HECHOS HABLO ¿EH? IMAGINAROS QUE VIENE EL PRIMO DE ISLANDIA QUE NO TIENE NI IDEA LO QUE 
SUCEDE AQUÍ Y QUE SE LO EXPLICAMOS, ¿NO?"
M7,"Bueno, los partidos que... 
M4... Nacionalista, giro total. Esto creo que es muy trascendental. Convergencia y Unión básicamente."
M7,Y ERC y la CUP emergen con mucha fuerza también.
MOD,¿QUÉ ESTOS PARTIDOS QUE ES LO QUE LES PASA?
M4,"Convergencia el cambio, de nacionalista de toda la vida, de autonomista, nacionalista de toda la vida, 
pero en definitiva autonomista, a independentista. Claro que este es un nicho muy grande de población, 
Convergencia es... si... yo hablo de CIU porque claro, ¡ERC ya lo era! Toda la vida lo ha sido, y la CUP también, 
aunque es cierto que nunca habían ido al Parlament también es cierto que fueron, sólo eran municipales 
antes, pero..."
MOD,"ESTOS ESTOS PARTIDOS Y SE SUMAN... CIU, ¿NO? Y ENTONCES HAY UNA BASE POLÍTICA PRO-
INDEPENDENTISTA... ¿SÍ? ¿Y QUÉ MÁS SUCEDE?"
M7,"El 9N, ¿no?"
MOD,¿Y QUÉ SUCEDE EL 9N?
M7,¿La primera consulta no?
M4,"Una consulta, ¿no? ¿O cómo lo dijo? Consulta participativa, era legal, porque en el estatuto esta."
M5,¿Y en qué año fue esto...?
M7,¿? ¿El ? Por ahí...
M4,"Y claro todo esto con el agotamiento de ""Queremos diálogo, queremos diálogo, queremos diálogo"", ""No, 
no, no..."" Cada día, cada día, cada día... Y claro..."
MOD,¿AQUÍ ESTABAN PIDIENDO DIÁLOGO?
M4,"Con Madrid, sí..."
M5,"Creo que socialmente paralelamente, es decir, lo anterior sería como los momentos políticos, pero 
socialmente la gente, en épocas fuertes de recortes, recuerdo esta sensación de tocar fondo, de decir ""¿Cómo 
saldremos? ¿Qué haremos?"", es que no había solución y llega a un límite de decir"", ¿Pero es que qué va a 
pasar ahora? "". Y tal vez ese sea el momento que comienza a surgir la idea de ""¿Y si lo hacemos nosotros?"", 
¿no? Y qué pasaría si nosotros tenemos un modelo de gestión mejor porque la gestión que nos viene impuesta 
desde Madrid nosotros no lo aprobamos, no nos parece conveniente, y el hecho de que la gente se vea sin 
salida porque estás en el pozo..."
MOD,¿ECONÓMICAMENTE ESTAMOS HABLANDO? ¿O…?
M5,"Bueno económicamente porque es el medio de vida, pero es que a mí me afectó mucho con el tema del 
trabajo, de ver realmente que... quedabas afectada de por vida... 
M4... Aprovecharon la congelación para decir ""se congela de por vida""!"
MOD,UN MOMENTO DE DESESPERANZA...
M4,Sí...
M1,La injusticia también...
M4,¡Pero creo que todavía estamos aquí! ¡Creo que el relato que estamos escuchando yo no me lo creo!
M1,Sinceramente... No le veo una solución...
M5,A nivel macroeconómico...
M4,¡¿¿Pero a micro??!
M5,"Sí, sí..."
MOD,"CONTINUAMOS CON LOS HECHOS, ESTAMOS COMO EN EL , ¿EL TEMA DE ESTA CONSULTA LA RECORDÁIS 
TODAS?"
M7,"Sí, porque ahora también..."
M4,"El Tribunal de Cuentas, de ajustes de cuentas..."
M7,"Ahora también han de pagar, la noticia es de ayer o antes de ayer..."
M7,"Sí... los han condenado... Y después también con la subida de partidos así, no recuerdo cuando surge, 
pero también es un hecho que me impactó mucho, la aparición de ciudadanos con un discurso muy 
beligerante, muy agresivo... 
M5... ¿Pero eso fue más tarde no? ¿Esto fue aquí?"
M7,"Creo que fue cuando comenzó ERC... No porque lo de las escuelas y el catalán y no sé qué,"
M4,"Ah sí sí, creo que era a nivel catalán..."
M7,"... Sí, fue como que fueran con que ""¡aquí nos movemos porque aquí hay un filón! ¡Vamos a echar 
gasolina! ""y esto a mí... Porque yo todo y que el tema de la lengua siempre ha sido un tema muy visceral 
siempre, que me ha removido muchas cosas, porque la lengua, tu lengua materna es la lengua con la que 
piensas, con la que amas... Soy bilingüe y me encanta el castellano, ¿eh? Pero ostia, defiendo la escuela, creo 
que es lo único que hicieron bien los convergentes: la escuela en catalán. Entonces la actitud de C’s me resultó 
muy..."
M4,¿Dónde comienza la actitud de C’s es tan beligerante? No lo recuerdo... ¿Aquí? ¿En el 9N más o menos?
M7,"... No lo sé creo que cuando suben los otros que dicen ""esto se está polarizando y nosotros pillaremos 
cacho por aquí""."
M2,"Esto es mas tarde, no... porque como ellos se declaraban digamos de centro..."
M7,... de centro y progresistas no? Y haciendo los carteles en pelotas.
M2,"Esto es lo que llamó más la atención... yo no sé si era público cuando los recortes y tal, que toda la gente 
de sanidad decía ""sanidad pública que es lo que nos interesa"", porque sanidad privada en el futuro no sé... 
pero me preocupa que tengas que pagar un tratamiento de miles de euros..."
MOD,¿PARECÍA COMO UNA SALIDA A LOS RECORTES Y TAL?
M2,"Parecía, parecía, pero luego ya no sé si el  como tú dices o… no sé cómo muy agresivos, muy no sé... 
más de cara como pensando como el PP, no sé."
M7,"Lo de la lengua, lo de las escuelas... y vamos a… y ahora los padres podrán pedir que las escuelas sean 
privadas..."
M4,"Sí, sí... adoctrinan... Bueno esto es más de ahora... Pero que adoctrinan, que te hayas de escuchar esto..."
M7,"Sí, eso sí que sí..."
M4,"Sí, sí Ciudadanos... ya ves"
MOD,"VALE... ¿QUÉ MÁS? COMO VAMOS AVANZANDO, TENEMOS EL 9N..."
M4,"Después del 9N elecciones, y hacen caer al Mas, ¿no?"
M5,"Sí... Porque la CUP gana, ¿no? Y dice que sólo aceptará si se quitan a Mas, Sube Puigdemont creo, y creo 
que es cuando sube Puigdemont que es cuando acuerdan los  meses..."
M4,"Y ya existían Junts Pel Sí, ya existía después de 9N. ¿No? El JuntsPel Sí..."
M5,Fue aquí donde se hicieron los  meses... Si... entonces aquí es donde se metió el calendario y...
M4,"... Y entonces se comenzó con ""referéndum o referéndum"", y mira el referéndum."
M5,"Bueno con negociaciones con Madrid que no fueron o que Madrid decía que no... Es esto... Primero 
querían que fuera pactado..."
M4,"Claro él quería, pero no se puedes ir a una negociación diciendo ""¡o esto, o lo que yo digo también!"" 
hombre... no sé."
M7,"Con todo esto no se, a nivel de análisis también, con todo esto la izquierda española callada, que esto a 
mí me parece escandaloso."
M4,"¿Y hoy en día todavía o no lo piensas? Porque yo todavía estoy esperando que convoquen 
manifestaciones..."
M7,"Sí, viendo a Ana Belén y Víctor Manuel hablando a favor de los saharauis, con todo el respeto ¿eh? Pero 
dices... ¡Ostia! Pongo un ejemplo... Pero que se mojen..."
M4,O los intelectuales...
M7,Wyoming y compañía...
M4,"Sí, sí..."
M6,"Comunistas de pensamiento, pero atropellan a una persona y se quieren dar las manos..."
M7,"O que pocos pensadores, o como mínimo que no tengan plataforma, que no accedan a… o no sé..."
M2,"Sí, como Serrat que también quiso dar su opinión y lo tacharon un poco como..."
MOD,¿QUIÉN?
M2,"Serrat, y supongo que Víctor Manuel y tal ya ven como... y no... ¿no?"
M7,"Bueno Serrat justamente no era nacionalista, ¿no?"
M1,"Qué paradoja, cuando no quiso cantar en Eurovisión era supercatalanista y..."
M7,Pero yo respeto mucho su postura ¿eh? Era otro momento...
M4,A mí me parece bien...
M1,Muy respetable...
M7,"Yo no digo que no sea respetable, pero..."
M4,De que me parece lógica su postura...
M7,"Pero era otro momento, era una dictadura y reclamar cantar en catalán quería decir muchas cosas..."
M1,"Pero yo creo que es como la evolución de las personas, yo por ejemplo antes yo era muy de sí 
independencia y ahora estoy en no. Yo antes celebraba mucho la Diada, de toda la vida colgando la senyera y 
ahora... porque lo veo como algo impuesto. A mí el día que realmente me expliquen cómo será todo, porque 
yo a día de hoy honestamente si alguien me dice ""mira lo que has tributado de IRPF para tu jubilación será así. 
Lo que tú estás tal … "" cosas macroeconómicas y todo esto... sinceramente no he visto una cara y unos ojos..."
M4,"Nadie nos ha explicado nada, por eso es totalmente irresponsable, no se ha hecho un debate real, ¡estoy 
de acuerdo!"
M1,"Es esto que dices, ¿qué queréis? ¿Estar en el poder y mover todo esto para vuestro propio beneficio entre 
comillas? No lo sé, yo estoy en un punto como de desconcertada."
MOD,"¿Y ESTO DESDE CUANDO TE PASÓ? ESTO DE ¿""SE ESTA HABLANDO MUCHO PERO NO HAY PROYECTO""?"
M1,"Yo cuando Puigdemont se fue, bueno, hizo el exilio que los otros... o sea yo no estoy a favor de que estén 
lo que es en la cárcel, pero aun así el de izquierda esta... ¿Cómo se llama?"
M4,"Oriol... 
M1... Oriol Junqueres a mí Oriol Junqueres para mí nunca... y mira que soy de [municipio del Baix Llobregat] 
y él ha sido alcalde de Sant Vicenç dels Horts muchos años, y ahora sinceramente digo ""Ahora este señor es 
consistente"", este bien o no esté bien que esté en prisión, yo aquí no... Estoy en contra, pero es coherente de 
decir ""Yo me he arriesgado y acato lo que sea"", ya sea justo o no."
MOD,ASÍ QUE LO QUE NO TE GUSTA ES CUANDO ALGUNOS...
M1,"Sí, lo de ""me voy y desde allí hago""..."
M3,¿Yo me hubiera ido eh?
M2,Pero es una postura cobarde esa...
M7,¡Estas viviendo en el exilio o fuera de tu casa...!
M4,"Iba a decir que la prisión es muy grave porque no tienes libertad y es muy grave, pero Puigdemont para 
mí está en una cárcel sin redes, pero..."
M1,"Ya, pero porque los otros tienen que estar... ¿Me entiendes? Me parece coherente."
M4,"Ya he dicho que es muy duro los que están encerrados, pero desvincularte de todas tus raíces también es 
muy duro psicológicamente..."
M7,"Yo también lo encuentro... ¿Yo? Yo me voy, yo no me voy a la cárcel, ¿eh?"
M1,"Ya, pero tú sabias las consecuencias que podría tener... ¿O no? Aquí partimos todos de que la gente sabía 
lo que podía pasar o no, ¿eh?"
M2,Sabiendo el gobierno central que había y lo que hicieron...
M7,"No creía que la gente pudiera cumplir  años de cárcel ¿eh? Pensé que todo se trataba de un poco de 
opereta pum pum pum y que luego bajo mano estaban pactando una..."
MOD,"AHORA... AHORA ENTRAMOS EN LA POSTURA... DISCULPAR, VER SI FINALIZAMOS LA CRONOGRAMA DE LOS 
HECHOS Y DESPUÉS ENTRAMOS COMO LO VIVIMOS CADA UNA. ESTAMOS CON ESTO, ELECCIONES, TENEMOS 
A PUIGDEMONT DE PRESIDENTE... ¿QUÉ MÁS? ¿QUÉ MÁS PASA?"
M1,"Que no se llega a ningún tipo de acuerdo. En este tira y afloja, bien que no hay ni estira ni afloja, cada 
postura estaba enrocada y es como decir ""Yo no doy mi brazo un torcer"" ni el uno ni el otro..."
MOD,¿Y ENTONCES?
M7,"Se le pone fecha al referéndum, ¿no?"
M4,"¡Bueno no, no! ¡El  y  de septiembre ojo!"
M5,"¡Ah sí! Lo que tanto se critica, ¿no? Que modificaron todas las leyes..."
M5,"Fue bastante grave aquello, vi las sesiones parlamentarias y hacia un poco de vergüencita. Creo yo."
MOD,¿ESTO LO TENÉIS PRESENTE TODAS? ¿CÓMO LE DECIMOS A ESTO?
M4,"Lo de las leyes ¿no? De transitoriedad y la del referéndum igual creo, fueron estas dos leyes que se 
saltaron los propios protocolos del estatuto que tanto les gustaban."
M5,"Si lo tengo bien entendido que fueron aprobadas sin las mayorías que se necesitaban para aprobarlo, 
¿no?"
M4,"Totalmente... y Carme Forcadell negando turnos de palabra a Iceta y compañía que te gustará más o 
menos pero que la gente los ha votado..."
M5,"Pues eso, que puedo entender que ciertos diálogos son difíciles y que es frustrante tratar de dialogar con 
alguien chocando contra una pared, pero eso no te da derecho que si una ley dice que una ley debe ser 
aprobada con una cierta mayoría una cosa..."
M4,¡Claro! Te la saltas...
M7,Tú te la saltas.
MOD,¿DE ESTO ESTABAIS TODAS AL CASO? ¿O…?
M7,Luego en las tertulias y así es con lo que se lanzan contra el movimiento... ¿No?
MOD,LO DE SALTARSE LA LEY ¿NO? ENTRE COMILLAS
M7,Claro ahora sí ¿no? Bueno...
MOD,¿Y DESPUÉS...?
M3,"Para mí todo esto, un poco el tema de saltarse la ley... También viene un poco con lo que ella dijo de irse 
fuera, si quieres decir ""Hago lo que quiera y después intento..."" O sea, estoy haciendo... No respeto las leyes y 
luego... ¿No? Todo el mundo podría hacer lo mismo... a ciertos niveles ¿no? Aquí estamos hablando de un 
nivel político, pero es que... es lo que te representa ¿No? Que dices es que..."
MOD,"PRISIONES... PERSONAS QUE VAN A LA CÁRCEL, VAMOS A VER QUE HA QUEDADO Y LUEGO VEMOS SI ESTÁIS A 
FAVOR, EN CONTRA..."
M4,"Los registros en el Ministerio de Economía, la gente en la calle, los Jordis... llegó ahora... en septiembre 
sucedió esto."
M7,Lo del coche aquel que quedó parado...
M4,Sí eso fue a finales de septiembre... los Jordis...
MOD,¿LOS JORDIS A LA CÁRCEL?...
M4,"No, los Jordis desconvocando las ""hordas de gente tumultuosas y peligrosas""..."
M7,"Que cuando ya se había convocado el referéndum entonces, ""vamos a cortarlo, vamos a mandar el barco, 
aquí no va a votar a nadie"" y registros y no sé qué."
M5,"Recuerdo esta época cuanto más se acercaba la fecha más se interesaba, como ""ah sí independencia o no 
la independencia"" pero cuanto más se aproximaba la fecha más quería entender las reuniones, bueno si 
tenemos acceso al FLA ¿cómo nos vamos a financiar? Conocer la diferencia si realmente tenemos que ir a 
votar, y recuerdo ese momento de frustración, de que nadie era capaz de tener un diálogo de nada, era como 
""no, Sala y Martí ha publicado un libro, léetelo si quieres argumentos económicos"" y era como... bueno si me 
lo puedo leer, pero no quiero leer un libro quiero que alguien sea capaz de tener un debate y... Y ese 
momento de decir bueno, parecíamos títeres ¿no? Todos, cómo sacando tópicos, pero sin decir nada. Y esto 
como ya se verá después, se ha llegado al extremo y cuando llegues al abismo ya encontrarás la solución..."
M4,"Y Lo de ""nos reconocerán, nos reconocerán..."", ¡no nos reconoció ni Andorra!  lo decían! Yo me lo llegué a creer que a veces tengo este punto de inocencia y decir ""bueno, no serán tan 
maquiavélicos e irresponsables de decir algo que no es"", pues sí."
MOD,AQUÍ YA ESTARÍAMOS EN EL -O ¿NO?
M4,"Bueno, previo al  de octubre, las estructuras de Estado nos reconocerán..."
M5,"Yo es el tema que alguien dijo ""¡pero si no tenemos un proyecto de cómo hacer una banca!"" 
Independizarnos, pero tal vez deberíamos tener una banca, y alguien dijo, ""Ah sí tal vez deberíamos pensar en 
ello""... Recuerdo ese momento como ""no, es que realmente no se ha pensado en nada"""
M3,Porque yo creo que no... ellos pensaron que no llegarían a ese punto.
M4,"Pero entonces... pero ¿qué crees que pensaron? Es que yo no lo entiendo, como puedes salir a hablar a 
todo un país, y decir mentiras... ¡Es que no lo entiendo...!"
M3,Pero no se puede pedir algo que no sabes nada... que no se lo habría preparado...
M4,"Pero entonces porque nos metían... ¡Estábamos cada semana en la calle! ¡Manifestándonos por no sé 
qué! O sea... ¿por qué?"
M4,"Es que si lo piensas... ¡Es muy fuerte! Pero claro... con todo esto lo de allí también es infumable... 
entonces claro... te genera un estado de nervios que ya no..."
M7,"Y también creo que aquí comenzó a arraigar una sensación, o en gente cercana a mí, de ""yo no soy 
independentista, pero esto no lo quiero"" ..."
M4,"Esto no lo quiero más, sí."
M7,"Esto no lo quiero me está seduciendo"""
M4,"... y por hacer la gente votar sí o no, no me envíes a miles de Guardias Civiles para matarnos!"
M7,"¡Claro!, si tú me dices, ""No quiero que te vayas, te voy a tratar bien..."" ¿No? ¡¡Pero si cada vez me tratas 
peor!! Yo no quiero formar parte de esto, o del a por ellos. Esto también hizo mucho daño."
M2,"... en el sur ""eso eran unos cuantos""..."
M7,"Seguramente, seguramente..."
M2,Parece que alguien haya tenido interés en… ¿no?
M7,"Sí, pero por ejemplo yo... La manipulación de los medios, yo que veía mucho el intermedio por ejemplo... 
Que también pensé... ¡Ostia! Están muy posicionados ¿no? El Wyoming que es un tío de tradición de izquierda 
y así, y sacaban todo el rato las imágenes de ""la fanfarria del  de octubre, mira a la gente..."" ¡eso también es 
una manipulación! Porque tanta gente que estaba en los comités de organización, estas fanfarrias se hacían 
para llenar urnas para dárselas a la policía cuando vinieran, por ejemplo, ¿no? Quiero decir, ¿por las dos 
bandas no? Por ejemplo, el ""A por ellos"" fue un  porqué nos lo metieron todo el día, todo el día... ha sido 
brutal..."
M7,"La caverna aquí y allá, pero yo creo que allí es más fuerte la española."
M4,Bueno como mínimo tú aquí lo vives desde la calle...
MOD,"BUENO, TENEMOS EN OCTUBRE LA VOTACIÓN, ¿Y QUÉ MÁS? ¿CÓMO LO EXPLICARÍAS?"
M2,Muchas emociones... Buenas y malas.
M7,Rabia.
M4,"Rabia, rabia... Indignación, incomprensión..."
M5,Impotencia...
M4,"Épica por otro lado, agridulce..."
M7,"Miedo, miedo, estaban corriendo las imágenes de lo que estaba sucediendo, en las escuelas, que decías 
""¡madre mía como vengan aquí!"" ..."
M3,"También era una sensación como de obligación, que tenías que pasar por todo lo que había sucedido 
¿no?"
M7,Mucha gente fue a votar después de los “piños”...
M2,"Por la tarde estaba más lleno que por la mañana, depende de que sitios."
M7,"Pero yo en general motivó a ir a la gente, yo iba tarde y ¡ahora voy!"
M5,"... Yo la independencia no la vi nunca clara y a partir de aquel momento fue ya no es un debate 
independentista, sino que es un debate democrático de derechos, y es donde tal vez para está para mí la 
conversión y si quieres la independencia hacemos algunos debates y que todos digan sus argumentos. ..."
M7,Un poco...
M5,... La democracia no la hemos de ir a negociar...
MOD,¿Y ESTE DEBATE APARECE EL  DE OCTUBRE? ¿O APARECE ANTES?
M5,Bueno se está cuestionando la democracia.
M7,"Es que yo creo que la sensación era de incredulidad, diciendo ""¡no puede ser!""."
M5,"Yo iba a la escuela para defender la democracia, no para defender la independencia de Cataluña."
MOD,"VALE, CONCLUYAMOS, ¿QUÉ MÁS HECHOS HAY IMPORTANTES DESDE EL  DE OCTUBRE HASTA EL DIA DE 
HOY?"
M3,Bueno se declaró la república de “pan untado con aceite”
M7,El discurso del Rey...
M4,Eso para mí también acompañó esta sensación de impugnación total a lo de más allá...
M7,"Previo al discurso del rey, el discurso de los partidos generalistas españoles..."
M4,"El Rajoy citando la actuación justa y proporcionada... Y, por supuesto, tú escuchas eso desde tu sofá y 
dices ""esto no lo puedo negociar""..."
M7,Claro quién legitima eso no... Es durísimo tener que escuchar esto...
MOD,"VALE ENTONCES TENEMOS: DECLARA LA REPUBLICA, EL DISCURSO DEL REY VENDRÍA JUSTO AQUÍ..."
M4,"A todo esto, claro no hemos dicho que paralelamente a todo esto está la lucha, siempre, de Esquerra y 
Convergencia que ni los nuestros están a una y estamos de acuerdo. Esto también crea mucha desafección, 
incluso aunque tengas la impugnación de lo que llega desde allí ves lo de aquí y dices ""¡Ostia tío...!"" Los 
conflictos internos se aumentan muchísimo y antes de la declaración son ya evidentes completamente con los 
tweets del Rufián,  monedas de plata, todo eso, quiero decir... Puigdemont llamándole traidor porque en 
teoría debía de convocar las elecciones, y al final por todo esto declaró la República."
MOD,"¿QUÉ MÁS, CÓMO SEGUIRÍAMOS?"
M4,El ...
MOD,¿QUÉ MÁS?
M4,Elecciones...
MOD,¿QUÉ MÁS VES COMO HECHOS QUE TENGÁIS PRESENTES?
M5,"Yo, puede que el  lo asocio a impotencia."
M3,Imposición también...
M2,"Yo lo que no veo es que los partidos políticos estén a favor del , me parece bastante fuerte."
M5,"Y que absolutamente todo el mundo defienda de la actuación policial del  de octubre, que todo el 
mundo se cierre en banda diciendo: ""no, es que eso era lo correcto que se había de hacer!"", puedo entender 
que digas ""no, yo no quiero la independencia, o lo que sea, pero no vengas a decir"" no, es que tuvieron que 
venir a pegar a la gente "", ¿no? Al menos puede que también estemos manipulados desde aquí, pero la 
información que nos llegaba desde aquí, como que había un núcleo duro encerrado en el resto de España y 
sólo se pensaba esto en un sector más crítico que..."
M7,"Hubo concentraciones, después del  de octubre hubo concentraciones, ¿recordáis? En Madrid, en el País 
Vasco, ¿no?"
M4,Apoyando el …
M7,"Sí, vi una noticia... Claro yo estas noticias las buscaba porque dices ""¡Claro! ¿dónde estáis izquierda 
española? """
M6,Y las imágenes de las personas mayores que
M7,"Yo creo que, si hubo muestras de solidaridad en el resto del estado, no mayoritarias pero bueno, como 
mínimo hay gente que ""vamos a tratarlos bien si no queremos que se vayan, ¿no?"
M2,"Si por ejemplo tú vas y hablas con ellos y les explicas lo que tu viviste en Catalunya esos días, y como 
estáis y pasa esto, esto y esto. Ellos lo han visto desde la tele y ""ah ¿qué pasó esto?"" si, pasó esto y no lo que 
viste en la tele que está manipulada. Eso me ha pasado a mí."
M7,"Yo he dejado de ver porqué fue una etapa que no las podía ver, las teles... no las podía ver, que muchas 
veces tienes interés por ver..."
MOD,¿LAS TELES?
M7,"Las teles nacionales, las teles nacionales no podía, o sea después de eso es que no podía... pero es que no 
podía porque era dolor físico, es ""¡que mentirosos! ¡¡que mentirosos!! ""¿No?"
M2,"Yo con los periódicos también, unos y otros."
MOD,QUE MÁS...LA MANIPULACIÓN MEDIÁTICA... ¿QUÉ MÁS? A VER SI LLEGAMOS A DÍA DE HOY... ¿...?
M7,"Ya comienzan las imputaciones y los juicios, ¿no?"
MOD,¿QUÉ MÁS?
M5,Bueno... buscaban al Artur Mas y no lo encontraban ¿no?
MOD,¿A ARTUR MAS?
M2,Si ¿no? ¿Lo estaban buscando no? ¿Por esta época?
MOD,LO BUSCABA ¿QUIEN?
M2,"No, el gobierno que buscaba al Artur Mas... pero estaba exiliado... bueno es que depende claro... las redes 
sociales, ¿no? Entonces veías como algunos...” lo tienen que encontrar y a la cárcel” diferentes opiniones."
MOD,VALE...
M7,"También en el contexto de la manipulación, lo que le decías tú de la épica, empezando desde TV3 ¿no? 
Con todo el tema de las urnas, un poco como una historia de espionaje, como no sé, de la Francia ocupada, 
¿no? Una cosa muy… como de no sé qué, de organización ciudadana, todo el tema de que se pudiera 
organizar las urnas, ¿y que no las encontraran? Es que no lo sé, me parece increíble, ¿no?"
M4,Sí... Es que son muy incompetentes...
MOD,"ESTARÍAMOS HABLANDO DEL  DE OCTUBRE, DE COMO FUE GESTADO... ¿NO?"
M7,"Sí, después, me da la sensación de ""orgullo de catalán"" de decir ""mira lo que ha hecho el pueblo catalán"" 
también muy potenciado desde los medios catalanes."
MOD,"TEMA ORGULLO SERÍA... BIEN, ¿QUÉ MÁS?"
M4,"Bueno, yo es que pondría las elecciones. Después de , donde se vuelva a constatar la división entre 
Esquerra y Convergencia que ya sé que no existía, pero para mí es Convergencia y que Puigdemont gana. Que 
dices ¡Madre mía! Pero bueno que gana Arrimadas que también parece muy grave. Aquí realmente se va... 
mucha polarización, mucha mucha mucha polarización en la ciudadanía, por desgracia, pero sí. O sea, el matiz 
no era bienvenido, eras un “botifler”, si decías cosas que hoy creo que dirías y nadie..."
MOD,¿LA POLARIZACIÓN ES AQUÍ?
M7,"No, pero aquí si tengo la sensación yo de decir ""esto es mitad y mitad"""
MOD,¿EN ESTAS ELECCIONES?
M6,"Sí, yo creo que sí..."
M4,"Creo que... estaba como tan arraigada la idea de impugnación a raíz de las imágenes del  de octubre que 
impresionaron a todo el mundo que bueno, si ponías un poco de matiz o sentido común de ""Ostia creo que tal 
vez nos están eng..."" ¡Eras un! ¡Un “Botifler”! ¡En aquel momento no podías decirlo! Creo. Yo lo viví así."
M5,"Creo que todo esto no comienza no el  de octubre, pero post  de octubre, no sé si las elecciones, pero 
es el , elecciones..."
M4,"Sí, todo aquello."
M5,"Los momentos de gritar, de no poder hablar... es allá."
M4,Creo que sí.
M4,Fue tan beligerante que...
M5,"Entonces allá se extremiza y entonces comienza a haber gente que se va fuera, comienza a haber gente 
que va a la cárcel, la gente se indigna mucho, se entristece, pero al mismo tiempo empiezo a ver que la 
estrategia es dejar pasar el tiempo..."
M4,"Leisser faire, leisser passer..."
M5,"... Y todo el mundo está indignado, todo el mundo está enojado, pero se está dejando pasar el tiempo, las 
cosas van pasando..."
MOD,¿ESTO ES LO QUE ESTÁ PASANDO AHORA?
M5,Tengo la sensación de que sí.
M2,"Sí, el  de octubre como una herida digamos..."
M4,"Yo ahora no sé ni dónde estamos, sinceramente os lo digo, no sé qué pantalla... Es que no, no lo sé... No 
sé dónde estamos."
M5,"Y aquí hay una fatiga, lo que decíamos, la gente está muy cansada..."
M4,"Creo que la impugnación desde allí ya no dará más rédito, esto ya no es suficiente, esto ya lo sabemos, 
¡llevamos  años así! Tal vez necesitemos más diálogo, otro imaginario porque esto ya lo sabemos. Es horrible, 
no es democrático, pero ¿qué hago con todo esto, ¿no?"
M7,Pero de aquí no saldremos
MOD,"VALE, A DÍA DE HOY, ¿DÓNDE DIRÍAS QUE ESTAMOS? AQUÍ COMENTARON EL DEJAR HACER... DEJAR QUE EL 
TIEMPO PASE..."
M5,"Lo veo un punto muerto. ¿Qué es un punto en el que los líderes independentistas, mi impresión ¿eh?, los 
líderes independentistas es como ""¡Oh, indignaros sociedad, indignaros porque ver lo que está pasando de las 
prisiones!"" y sí, me indigna, me indigna mucho pero ¿qué ofrecéis como políticos? ¿Qué hacemos? No, nos 
indignamos y salimos y nos movilizamos, bueno, pero ¿qué hacemos más allá, ¿no? Y no, más allá de esto no 
hay nada, ¿y qué debemos hacer? Debemos seguir indignándonos y saliendo, pero tampoco hay una 
estrategia política. Y veo lo que pasó antes y es un... bueno... las cosas pasarán, es como un..."
M3,Yo creo que la gente del pueblo está cansada ya porque...
M5,Bueno porque no hay solución...
M3,"... Te llaman o la piden, pero no hay nada, si haces esto tenemos esta respuesta ¿no?"
MOD,"¿POR QUÉ VOSOTRAS OS POSICIONÁIS EN UNO DE ESTOS BANDOS QUE DICES? ¿HABÉIS IDO CAMBIADO...? 
ALGUNAS LO HABÉIS IDO DICIENDO, PERO ¿CÓMO HABÉIS IDO VIVIENDO ESTO...?"
M2,"Yo por ejemplo antes del  de octubre tenía clara una cosa y a partir del  de octubre no lo tengo muy 
claro, pero quizá hacia una banda..."
MOD,¿QUIERES COMPARTIR HACIA QUE...?
M2,"Antes del  de octubre tenía claro que no ¿vale? Entonces a partir de ahí no me cuadraba por ejemplo 
que mandaran guardias civiles como si estuvieran haciendo algo tan fuerte, realmente y ese día pues, hay que 
votar por bien todo lo que estaba haciendo, por ejemplo, pero claro ¿qué me va a suponer la independencia?  Sobre 
todo, por el futuro de mis hijos, ¿no? La sanidad me preocupa bastante ¿no? ¿Podríamos con todo 
económicamente? Entonces estas ahí como que no sabes, ¿no?"
MOD,"LO QUE ESTAS ES CON MUCHAS PREGUNTAS, ¿NO?"
M2,"Exacto, estás con muchas preguntas y que alguien me explique ""esto va a ser así"" bueno a lo mejor 
tampoco puedes decirlo exactamente, claro porque todo es poco a poco... pero no sé...Que te aclaren más"
M4,"Que te presenten un proyecto ¿no? A donde quieren ir. Medioambiente, feminismo, las cosas que van a 
ser un poco trascendentales."
M2,La educación... lo más importante...
MOD,"EL RESTO COMO... ¿QUÉ SENTIS HOY? ¿PORQUE SE HA HABLADO MUCHO SOBRE ESTA POLARIZACIÓN, PERO 
A DÍA DE HOY? ¿EN ESTE PUNTO MUERTO? ¿LO QUE SENTIS Y LO QUE PENSÁIS ES COMO UN PUNTO MUERTO 
O…? ¿YA HABÉIS IDO A UN LADO Y AL OTRO Y YA NO SABÉIS? ¿O YA NO OS IMPORTA? ANTES ERA COMO UN 
MONOTEMA Y AHORA NIVEL DE PENSAMIENTO YA DICES ""ES QUE NO QUIERO NI PENSAR SOBRE ELLO"", 
¿COMO ESTÁIS?"
M1,"Yo ya estoy en un punto que ya no quiero hablar, porque por ejemplo no estoy a favor ni en contra, pero 
el hecho de decir ""no estoy a favor"" me dicen ""es que eres una fascista"". Y pienso ""¿perdona?"", ¿qué tienes 
que ver lo uno con lo otro? Yo me siento tan catalán como se puede sentir una persona que quiere la 
independencia, pero creo que hay otras vías para reivindicar según qué cosas. Y si ahora en tu casa tienes una 
serie de ideologías, una serie de preceptos que dices tal, pues yo creo que estos dirigentes tendrían que 
tenerlos también. Y es lo que te digo, con cara y ojos. ¿Si no puedes decirme esto y qué? Mañana, ¿qué 
hacemos? ¿Con qué pagamos? ¿Con Euros? ¡Si no somos euro! ¿Qué encontraremos? ¿Qué hay? Es que hoy 
hay una inseguridad que dices es que no sabemos hacia dónde ir... Sinceramente es como decir, sí, yo tengo 
mi sentimiento, pero veo que se está aprovechando el sentimiento para un beneficio propio."
MOD,"Y POR EJEMPLO ESTA POSTURA DE NO SABER, DE QUIEN RECIBES MÁS COMENTARIOS, ¿ES DE LA GENTE QUE 
ESTA A FAVOR O DE LA GENTE QUE ESTÁ EN CONTRA TAMBIÉN?"
M1,"No, de las personas que están a favor... me llaman fascista, en el trabajo por ejemplo yo ni toco el tema, y 
en casa, bueno en las reuniones familiares, por ejemplo, las últimas Navidades, yo tengo familia, amigos que 
son la ideología CUP que no han venido a la cena porque no piensas como ellos. Es cierto."
M4,¡Pero esto es muy triste!
M7,Yo no he vivido esto...
M7,"Con una amiga si discutí, discutí justo antes de ... Yo, además a nivel personal, no tenía conciencia de la 
trascendencia de la historia hasta el  de octubre. ¡fue que caí y dije Pum! Incluso una amiga le dije... ¿Que 
está casada con un señor que es de Madrid y le hacía bromas y le decía: ""Lo tendrás que esconder ese día 
porque no sé qué..."", entonces ella me habló y me, yo siempre había pensado que era de la misma cuerda que 
yo y no, y discutimos, y a partir de ese día le dije: ""[nombre amiga1] no hablaremos más que este tema, te 
quiero y quiero seguir queriéndote y no tengo ganas de hablar de esto"". Aunque después de eso si le dije ""No 
quiero que me justifiques las “ostias"", aquí sí que no puedo discutir, creo que aquí no había diálogo, a partir de 
aquí no hablamos más, y no hemos hablado. Y hemos ido a cenar y después... Tal vez es que me mudo a un 
ambiente que todo el mundo piensa bastante como yo... Y en el trabajo yo, mi jefe que él ha dicho que en el 
día  de la Independencia se vuelve a Canarias, es que claro, ¡no le digo! No hablamos de eso."
MOD,¿ESO TU JEFE?
M7,Sí...
MOD,"VALE ¿POR QUE AL RESTO COMO OS HA AFECTADO? A ELLA POR EJEMPLO O AMBAS HABÉIS COMENTADO LA 
CENA DE NAVIDAD, UNA AMIGA, QUE HAY UN TEMA QUE NO LO HABLAS..."
M7,Y decidimos...
MOD,Y AL JEFE QUE NO HABLAS...
M7,"¿Qué le voy a decir a este hombre, aunque el señor dijo el  de octubre: ""hoy no es un buen día para 
nadie"", ¿No?"
M4,La responsabilidad como mínimo...
MOD,"Y EN VUESTRA COTIDIANIDAD, UNA COSA ES A UN NIVEL POLÍTICO, A NIVEL DE IDEAS... PERO ¿Y VUESTRA 
COTIDIANIDAD?"
M3,"Yo, por ejemplo, a mis hijos, la pequeña me decía: ""¿Qué va a pasar?"", yo también tengo por decirlo así, 
familia en Murcia, ""¿Podremos ir?"", me preguntaba, por cosas... claro ellos no, o en la escuela cada uno dice... 
o no sé qué deben hablar... ""pero vamos iremos a vivir a Murcia o nos quedaremos aquí o...?"" tenían ¿Qué 
pasará si son independientes? O diciendo, mi hijo más mayor, que había  o  chicas de su clase que decían 
que si se hacían independientes irían fuera de Cataluña. Ellas lo decían porque los padres, supongo que era lo 
que habían oído en casa. Y claro, para ellas era un poco... ¿Qué va a pasar? Es que yo personalmente tampoco 
le puedo explicar lo que sucederá si somos independientes. Porque bueno, es que no lo sabemos. Lo que 
decías de pagar con euros, yo creo que yo no puedo tener una opinión clara porque no lo sé. Porque no tengo 
la..."
M4,... Las herramientas para...
M3,"... Sí, podría decir lo mejor si soy independiente o no si realmente nos dejan todo más claro y... 
M5... ¡Si se pudiera hablar! Yo puedo aceptar que ni ellos mismo lo sepan, lo entiendo, pero entonces que se 
hable. Que se hagan debates y tal vez hablando se llegue a entender alguna cosa..."
MOD,"DE ACUERDO, PERO VOLVIENDO A LA PREGUNTA QUE OS HACÍA DE LA VUESTRA COTIDIANIDAD, ¿QUÉ MÁS? 
¿QUÉ OTRAS COSAS HAN PASADO? SI ALGO HA PASADO ALGO, A LO MEJOR DICES ""NO MIRA, ESTOY IGUAL 
QUE HACE  AÑOS... NO ME HA AFECTADO CON MIS AMIGOS, CON MI FAMILIA, CON LOS GRUPOS WHATSAPP 
FAMOSOS... """
M6,"En los grupos de Facebook una amiga que se fue a vivir a Zaragoza también se enfadó con una, bueno una 
discusión allí, y decirle bien todo el mundo piensa lo que piensa, ya está. En el centro donde trabajaba el año 
pasado en [municipio de Vallés Occidental], había mucha etnia árabe, entre los mismos profesores hubo 
discusiones, que allí se peleaban, que están aquí todo el año, que no os peleéis, que cada uno tiene su idea, 
los padres también se enfrentaron porque hay profesores que dieron su visión independentista y querían 
presentar una denuncia a un maestro, al final no pasó nada, pero... Y los mismos niños si tú... yo, por ejemplo, 
no quería hablar de política, pero ellos mismos: ""¡Independentista!"" porque ellos después se montaban su 
visión y ""aquí venimos a enseñar y la política la dejamos de lado"" pero claro..."
M7,"Es que la política está en la calle, y la educación es reflejo de lo que se vive..."
M6,"A un maestro también a la hora de la comida, yo le dije ""mejor no hablar de política"", buenoooo...  
empezó ""política hay en todas partes porque dices que no sé qué...!"" y las otras compañeras ""ui lo que has 
dicho!"" ... Y todo el tiempo... a ver se ha de respetar y es mejor no hablar de política."
M7,"Pero yo pregunto como maestra, mi [familiar1] también es maestra […]. Si tú en el aula percibes la 
necesidad de que la gente tenía que hablarlo, porque mi hija tiene [-] años y tenía la necesidad de 
hablarlo."
M6,Pero creo que esto se habla en la tutoría...
M7,Porque ella estaba en la escuela y la hicimos irse por si la policía venía y entonces ella...
M4,Si se comenta desde una posición neutral... ¿Por qué no?
M7,"¿Se ha de fomentar no? Negarlo... 
M6. Se ha de fomentar el diálogo, pero también que pregunten... ¿Independentista? Yo no voy a hablar..."
M7,"¡No claro! ¡Yo no me tengo por qué mojar delante de los alumnos! ¿Pero darles la voz?  
M6. No, sí, eso también se hizo, pero eso también es de la hora de tutoría."
M4,Tienes que saber llevarlo.
M2,"Mi hija iba el año pasado a P5, y sí que nos comentaron algo al día siguiente, sí, nos ha dicho la 
profesora... claro es super pequeñito, sv, que ha estado la policía y que tal que cual, y algunos decían “la 
policía es mala” otros decían “la policía es buena”, a lo mejor no sé lo que escucharon ellos, ¿pero ves? 
Algunos padres estaban indignados."
M7,"Pero un buen educador, bueno un buen educador no lo quiero utilizar, pero yo también he trabajado en 
el mundo del lleure, no a nivel formal, informal, bueno como te hace sentir las imágenes que viste ayer Lo que 
no puedes hacer es hacer ver que..."
M6,"No, eso se trabajó."
M7,"Ya, pero había personas que no querían ni que se trabajara eso. Claro que la escuela es reflejo de la 
sociedad, lo que no se puede decir es ""no ha pasado nada"", claro en escuelas que establa todo roto..."
M6,"Nosotros pusimos una pancarta que ponía ""democracia"", colgada... Es decir..."
M7,"O la de las flores a mí me parece un gesto hermoso, muchas escuelas se, todas las vallas estaban llenas de 
flores. Yo a nivel de anécdota, perdonar, mi hija llevaba, yo no uso ningún simbolo no me gusta demasiado, 
pero mi hija sí llevaba una estelada, y cuando nos fuimos de vacaciones a Teruel con mi familia le dije, 
""¿[nombre de la hija] tú te ves capaz de defender eso que llevas? Porque piensa que te van a machacar..., ¿te 
sientes capaz de defenderlo? "" Claro, ella también se arrastra por la moda, claro entonces... Sácatelo, sácatelo."
M6,"Claro, pero si la quiere llevar ¿por qué debes se la ha de sacar?"
M7,"Porque no lo sabrá defender porqué tiene [de  a ] años y tiene... primero por qué no ha elaborado el 
sentimiento, porque es la moda, es una cosa poco razonada y luego te vas a encontrar con gente que tiene 
que ser un encuentro agradable.... pues yo... bueno no sé. Yo como adulta si la hubiera llevado creo que 
hubiera tenido la cosa de defenderlo, pero en las criaturas entonces..."
MOD,"EVITASTE UN POSIBLE CONFLICTO... UNA POSIBLE SITUACIÓN EN ESTE CASO FUERA DE CATALUÑA 
ENTIENDO..."
M7,Sí...
M3,"Creo que lo que toda la gente intenta es no tener el conflicto con la familia o como ella ha dicho ha tenido 
peleas, pero mayoritariamente toda la gente con la que hablas, ni en el trabajo muchas veces hablas por no 
tener problemas, o la familia para decir bueno es una... hemos quedado todos es un rato que estaremos bien 
no hablando de este tema porque hay gente, hay muchos casos hay extremos, y para evitar estos problemas. 
Yo diría que esto sí que es... Sobre todo, mucho."
M7,Sí que se ha dado sí.
M3,"O ella que dice de su hija ""No tengo ninguna necesidad de que pase un mal rato"" porque no vas buscando 
eso..."
MOD,¿HAY PERSONAS CON LAS QUE NO HABLÁIS DE ESTO?
M5,"He hecho varios intentos cuando todo empezó de decir, con gente tal vez hacia otro lado, de ""Bien vamos 
a hablar, vamos a dialogar"" y terminamos tan pero tan mal que decidí que nunca más."
MOD,¿EL RESTO?
M2,"Bueno yo como me gusta escuchar, ¿no? Aunque esté ahí entre una cosa y otra me gusta escuchar a ver 
qué piensa a ver qué tal... pero claro cuando es muy radical, muy radical, me aparto porqué tampoco me gusta 
el conflicto. Pero si es eso que están hablando yo escucho."
M3,"Yo por ejemplo no he tenido ningún problema, o sea yo no he discutido con nadie, si eso es cierto que, a 
lo mejor, más bien con la familia, pero también con la gente que estoy, cada uno tiene su pensamiento, pero 
no sólo en política, creo que con muchas cosas. Estarías todo el día peleando si cada uno tiene su opinión y no 
aceptas."
MOD,"¿SUCEDE ESTO CON OTROS TEMAS? ¿TIENES TAMBIÉN ESTA SENSACIÓN CON OTROS TEMAS DE QUE DICES, 
POLÍTICA, RELIGIÓN...?"
M2,"Yo diría que, de lactancia materna y biberón, sí."
MOD,¿ESTE TEMA TAMBIÉN? TAMBIÉN ES CONFLICTIVO Y TAMBIÉN...
M2,"En mi caso ¿eh? Porqué yo soy prolactancia total y hay gente que... pero bueno cada uno... pero en este 
tema yo también me ha pasado, sí."
MOD,"NO, LO DIGO PORQUÉ SE HABLA DE LA CRISPACIÓN, DE LA CONVIVENCIA, Y PARA SABER SI TENÉIS ESTA 
SENSACIÓN..."
M7,Con otros temas yo también la tengo...
M4,"Con el animalismo también, es verdad. La gente se pone hooligan"
M7,"Con la inmigración. Trabajo con personas inmigrantes e incluso dentro de los mismos trabajadores a veces 
escucho cosas que me escandalizan."
M3,Yo con este tema es más...
M7,"La gente también saca tripas, sí..."
MOD,¿EL TEMA DE LA INMIGRACIÓN?
M3,Creo que sí.
M6,"También es un tema que a lo mejor has de ir con un poco de cuidado, porque si te revolucionas, puede 
ser que pueda tener..."
MOD,¿ESTÁIS DE ACUERDO CON ESTO?
M6,Sí...
MOD,¿QUÉ CREÉIS QUE ES COMO OTROS TEMAS? ¿O ES UN POCO DIFERENTE?
M7,"Es un poco diferente, porque la actualidad..."
M3,¿Por qué afecta mucho más?
M4,Porque toca la identidad y eso toca...
M6,"Pero la inmigración también es un tema muy... toca bastante, casi como la política."
M3,"Claro es que este tema no es sólo el independentismo, es que abarca, es que te afecta mucho, a muchas 
cosas, tuyas y de un futuro. Porque más adelante las cosas no saben..."
MOD,"¿Y PENSÁIS QUE EN LA SOCIEDAD O EN VUESTRO ENTORNO HAY UN ANTES Y UN DESPUÉS DE ESTE 
CRONOGRAMA QUE HEMOS HECHO?"
M4,Creo que sí.
MOD,"DE ENTENDERSE CON LOS VECINOS, DE LOS TEMAS QUE HABLAS..."
M4,"Pensé que decías individual, si creo que la sociedad... es que no he entendí la pregunta."
MOD,"SI HA CAMBIADO LA RELACIÓN ANTERIOR DE TODO PROCESO QUE HEMOS DIBUJADO A AHORA, ¿NO?"
M4,"No, no... La relación no."
M3,Yo no.
M6,"Bueno es más abierta la gente, puede expresar... o sea la senyera y la estelada, quiero decir que antes no 
se lo habrían planteado..."
MOD,PERO ¿NO DECÍS QUE HAY TEMAS QUE NO SE PUEDEN HABLAR?
M7,"Sí, yo creo que hay una cierta prudencia, o como mínimo yo sí que tengo cierta prudencia a la hora de 
manifestarme con % de claridad."
M4,"De hecho, quiero señalar una chispa de optimismo porque creo que cuando hemos dicho lo de la 
crispación extrema entre el  de octubre y el , yo de verdad llegué a pensar ""alguien se hará daño"", lo 
llegué a pensar, a decir ""algún iluminado, la típica persona que puede no tener nada que perder ""y el 
ambiente estaba tan crispado que digo ""ostras, momento equivocado, persona equivocada, desgracia al 
canto"", y no sucedió. Yo creo que Cataluña ha dado una lección de tolerancia, lo creo, aunque todo está 
rodeado de crispación, de nervios y de todo lo que hemos dicho, con todo y eso pienso, o al menos Barcelona, 
yo no sé si tal vez en un pueblo del interior la cosa cambia..."
M6,Un pueblo de interior es más...
M4,"... Por eso he matizado, quiero decir Barcelona yo estoy orgullosa de mi ciudad."
M6,"Tal vez en un pueblo del interior son más cerrados, más nacionalistas..."
M2,"En mi caso como me conocen desde pequeña, tampoco... simplemente he explicado lo que había y 
también algunos comentarios que hacen, ""ai pues esto, pues os vais a separar y tal y cual"", pero tampoco ha 
sido de decir... sino no iría más. Si no estoy a gusto en un sitio no voy a ir más, o que mi familia me tachen de... 
Yo tengo una anécdota del trabajo a lo mejor es una tontería, ahí en el trabajo hacemos unos [informes] 
digamos y yo lo envío a unos  o  [profesionales sanitarios], ¿no? Por correo, y entonces me dice mi 
compañera, yo lo que hago es en rojo los que hay un problema, que hay que operarlos o alguna cosa y en 
amarillo, pero son colores que yo elegido para llamarme la atención, y va y me dice ""¡[M2], no sé, pero estas 
poniendo la bandera española!"" cambio el color, y claro ha sido una situación y claro me he acordado y digo voy a explicarlo. Claro a veces 
depende de colores, ¿no? No puedo combinar este con este por... no sé..."
M3,"A mí me ha pasado con la ropa,"
M4,Con el amarillo
M3,"A ver ha sido casualidad, pero tengo un jersey y un pantalón, obviamente no me lo pongo todo, pero me 
gusta el jersey y cada vez que me lo pongo me han dicho que voy de independentista. Me lo he puesto  
veces, las  veces me lo han dicho, y no una persona, y pienso, ostras, ahora cada vez que cojo el jersey a ver 
dónde voy o a donde no voy, si me lo pongo o no lo pongo."
MOD,¿VALE Y ESTO NO LO ENCONTRÁIS...?
M2,Exagerado.
M7,Que ha modificado una conducta ¿no?
M3,"¿Qué soy yo eh? A ver que me lo pongo, ¿no? Pero, pienso un poco"
M4,Esto es culpa de los medios de comunicación
M3,"... Y me da rabia a mí misma tener que pensar en esto, porque digo bueno, si lo tenía, porque no tengo 
que... Si me gusta..."
M2,"A mí en vacaciones también me pasó. Decía, bueno [...] da igual, me lo voy a poner. O aquí, si voy con rojo 
y amarillo, pues a ver..."
M4,"O según en qué ámbitos el lazo, el nuestro tal vez no, pero en los ámbitos de poder... Los más politizados, 
ui, y¿no llevas el lazo?! Se manifiesta, ¿no?"
M7,"Y a mí me he preguntado ""¿cómo es no llevas el lazo?"", bueno pues porque no me da la gana! ¡No me 
quiero significar!"
M4,¡Yo en mi casa puede ser lo que me da la gana!
M7,"A mí no me gusta significarme en general de entrada, yo tengo una postura prudente en la vida de 
entrada, después soy apasionada ¿eh? Y a veces extremista en algún sentido..."
M3,"Y en mi trabajo hay un señor que siempre lo lleva y alguna vez le he escuchado algún comentario y da 
igual que siempre lo lleva, ¡si lo quiere llevar que lo lleve! Si yo llevo... ¡Por todos lados! Es decir..."
M7,"Luego el debate de si el espacio público debe haber lazos o no, yo pienso... ""ostia, ¿el espacio público?"""
M3,¡Bueno es que si no estuvieran estaría muerto! Estaríamos en una dictadura
M7,"...claro! Es como lo de la escuela el espacio público, es que la vida es reflejo de lo que pasa y te gustará o 
no, pero, otra cosa es que apeles a favor de la pena de muerte, yo esto no. Pero es como los carteles de 
Ciudadanos, a mi sinceramente tampoco me gustan, pero han de estar claro."
MOD,PERDONAR QUE TRATE DE DECIR ALGO...
M5,"No... Que nos has preguntado si había un antes y un después, yo lo veo como si fuera una curva de Gauss, 
quiero decir que hemos llegado a un punto de crispación, crispación muy fuerte, ahora obviamente quedan 
cosas, han aumentado los colores de los lazos, si ves a alguien con una bandera española pues ""¡ai!"", me fijo, 
¿no?"
M3,¡Claro es un poco como que te sabe mal!
M5,"Que lleve la bandera española para quedarse, quiero decir que está, porque hemos llegado a unos extremos que es normal que todavía esté 
pero creo que está bajando va bajando, va bajando, y a ver qué pasa porque no hay una estrategia política 
pero yo creo que no has utilizado de una manera que no quieren volver a utilizar, porque nosotros dejamos 
pensar así, lo harán."
M7,Estoy de acuerdo.
MOD,¿NOS HA UTILIZADO QUIÉN?
M5,Los políticos.
MOD,¿TODOS?
M5,"Todos. Todos, tanto de un lado como del otro."
M4,Yo también lo creo.
M7,Sí.
MOD,¿SÍ? ¿EN ESTO ESTARÍAIS DE ACUERDO?
M5,"Vale, hay gente que tal vez creamos en la independencia ¿eh? De los políticos, y creo que hay algunos que 
lo hicieron porque creyeron en el proyecto, y también creo que hay que no creyeron mucho, pero se vieron en 
esto y una espiral y se sumaron y hala, ya estamos, y del otro lado lo mismo, hay de ambos lados. Y no quiero 
decir todos los políticos. Ciertos políticos."
MOD,"PORQUE DE CARA AL FUTURO, ¿QUÉ ES LO QUE VEIS?"
M2,¡Lo veo turbio!
M2,"No está claro, no sé qué va a pasar"
MOD,¿QUÉ CREÉIS QUE PASARÁ? PODEMOS HACER LO QUE CREÁIS Y LO QUE TE GUSTA.
M2,"Yo lo que creo es que nadie sabe lo que va a pasar, es que no hay salida..."
MOD,"AQUÍ NO NOS OYE NADIE, PODEMOS HABLAR CLARO. PODEMOS DECIR LO QUE PENSAMOS Y LO QUE NOS 
GUSTARÍA."
M7,"Yo creo que a medio plazo debería haber un cambio importante, creo, no creo que las cosas se queden 
igual."
M5,Llevamos mucho tiempo eh
M6,Tengo dudas de que lleguemos a ser independientes.
M1,"Creo que, si España fuera una república, tiene mucho de eso, tipo Francia, igual, cambiaría."
MOD,HAGAMOS UNA RONDA.
M5,¿Lo qué quisiéramos o lo que creemos?
MOD,"HACEMOS LAS DOS, ¿NO? ¿TU ESTABAS DICIENDO QUE UNA POSIBILIDAD SERIA ESPAÑA, REPÚBLICA, ¿NO?"
M1,Sí.
MOD,¿Y QUÉ SIGNIFICARÍA?
M1,"Un modelo tipo el francés, y tal vez también si no estuviera la figura de la monarquía, se ves todo lo que 
hay y tal, y dices... para mí, por ejemplo, no es representativa, hoy en día dices ""¿qué sentido tiene?"" y tal vez 
si estuviéramos en forma de república, igual estaría todo de otra manera. Tendríamos otra visión, al menos una 
opción."
MOD,¿CÓMO CREES QUE AFECTARÍA A CATALUÑA?
M1,"Entonces que los políticos tendrían que, bueno políticos, gobierno o quien sea, tendrían que luchar para 
conseguir unas bases con cabeza y pies para que después no pasara al cabo de x años lo que está sucediendo 
ahora."
MOD,¿REPLANTEARÍAN UNA CONSTITUCIÓN DE ALGUNA MANERA O…?
M1,"La actual constitución yo creo que tiene necesidad de ser modificada, porque bien que cuando interesa, 
por ejemplo, la Infanta Leonor, que en teoría no podría... bueno, depende de cómo se modifica como se quiere, 
pues hacer un replanteamiento y actualizarla a los tiempos en que estamos."
MOD,¿Y ESTE REPLANTEAMIENTO TENDRÍA QUE VER CON EL CONCIERTO ECONÓMICO?
M1,"Creo que sí, que se podría aprovechar para decir, a ver hay un hecho y hay diferentes realidades."
MOD,ESTA SERÍA LA TUYA...
M1,"Opción, vía de que sinceramente actualmente tal y como estamos yo no le veo una solución."
MOD,ESTO SERÍA MAS LO QUE TE GUSTARÍA. ¿Y CREES QUE IRÁ HACÍA AQUÍ?
M1,No.
MOD,¿Y QUÉ CREES QUE PASARÁ?
M1,"Pues no lo sé, la verdad es que no lo sé. Te soy sincera, porque no veo un punto de tirar hacia adelante y… 
es un tira y afloja pero cada uno en su posición. Es igual que este el PSOE, es igual, porque se están viendo los 
hechos, teóricamente tenía que haber más diálogo, si va el Torra, tal, pero aquí..."
MOD,"O SEA, ¿EL DIÁLOGO SEGUIRÁ ENROCADO?... INDEFINIDAMENTE"
M1,"Creo que sí. Pero esto no se puede sostener por mucho tiempo, porque no podemos estar así eternamente. 
Pero no sé qué pasará, la verdad."
MOD,"SEGUIMOS LA RONDA, QUÉ TE GUSTARÍA Y QUÉ PIENSAS."
M2,"Yo bueno, me gustaría que hubiera un dialogo y que se pusieran de acuerdo, que es bastante difícil pero 
bueno, y..."
MOD,ACUERDO ¿EN QUE SENTIDO? ¿QUE TE GUSTARÍA?
M2,"A ver como también estoy ahí que no sé, no sé, por qué no me han explicado realmente que va a suponer 
una  independencia  en  Catalunya,  realmente  pues  tampoco...  cambiaría  cosas  también,  por  ejemplo,  la 
monarquía que estamos pagando la monarquía cuando no me sirve de nada..."
MOD,TE HARÍA FALTA SABER CUAL ES EL PROGRAMA PARA SABER SI ESTARÍAS MAS A FAVOR O EN CONTRA DE...
M2,"Exacto, sí, sí, de una cosa u otra. Y sobre todo por el tema de independencia económica quizás también, 
¿no? Porqué parece ser que pagamos más que... no sé, que cualquier otra autonomía."
MOD,UN POCO CARA AL PORVENIR DE TUS HIJOS...
M2,"Claro, esto sí, para el porvenir y que por salir a la calle tengas que pagar tanto dinero."
MOD,¿Y CREES QUE ESTO VA A PASAR?
M2,Lo veo difícil.
MOD,NO VES QUE SE VAYA A MOVER ALGUIEN HACIA ALGÚN LADO.
M2,"Bueno ahora pienso que se puede hablar más con el gobierno que hay central que el que había antes que 
se negaba, el que estaba les decía que no, un poco sin personalidad realmente, pero bueno, a ver si poco a poco 
se puede ir..."
MOD,"VALE, PORQUE SI LOS PRESOS, PORQUÉ AHORA HAY UNOS JUICIOS, ¿NO? SI SE DECLARAN CULPABLES QUE... 
¿COMO LO...?"
M2,"¡Es que no han sido culpables! No sé, no han sido culpables como para estar en una cárcel, ¡vaya!"
M4,"Creo  que  habrá  indignación,  pero  no  generará  el  redito  electoral,  o  sea  no  se  podrá  crear  un  nuevo 
imaginario creo, tal vez me sorprenda y si, tipo  de octubre, creo que ya no tiene... Creo que sí. Porque estamos 
cansados."
M7,"De todos modos, no sé si podemos apuntar cosas, se ha desmontado el tema de la independencia judicial, 
¡pero vamos! Porque si la sentencia no debería depender, ¿no? De que estén el PP o el PSOE ¿No?"
M4,"Ya todos lo decimos, ¡lo normalizamos!"
M7,"Es tan normal pensar bueno ahora como esta esto a lo mejor les caen menos años, pero..."
M4,¡Qué estás diciendo! ¡Qué estás diciendo!
M7,"¡Qué  estás  diciendo!  Pero  es  verdad,  se  ha  normalizado  y  todos  aceptamos  que  la  justicia  está 
absolutamente politizada, ¿no?"
M4,"Si como no te fías ya tanto de la justicia, entre comillas."
M4,Sí... ha movido todo esto ¿no? Si es que ha tocado muchas cosas.
MOD,"VARIOS CIMIENTOS, ¿NO?"
M2,"No sabes si vas a hacer la mínima cosa y a ti te van a caer tantos años y a otra persona que no hace... mucho 
favoritismo quizás."
M3,"Es que todo esto da que no te fías, yo no me fio de nada, ni de los políticos ni de..."
MOD,¿Y ANTES TE FIABAS MÁS O…?
M3,"¡Sí! Sí, o quizás no era un tema tan presente pero ahora mismo es que no me fio, me dices alguien y es que 
no, es que creo que todos son iguales."
MOD,"CUÁL SERÍA TU ORÁCULO, ¿QUÉ TE DICE?"
M3,"Diálogo, pero que..."
MOD,UN POCO COMO DECÍA ELLA. O SEA QUE VAN A DIALOGAR Y QUE LLEGARAN A UN ACUERDO
M3,Eso es lo que me gustaría.
MOD,¿PERO PARA HABLAR DE LA INDEPENDENCIA?
M3,"A mí lo que me gustaría es que no llegara la independencia, que hubiera un dialogo, pero sin llegar a la 
independencia."
MOD,"UN ACUERDO EN QUE LAS DOS PARTES ESTÉN BIEN, Y QUE CATALUNYA NO SE INDEPENDICE PORQUE ¿NO VES 
LAS CONSECUENCIAS POSITIVAS?"
M3,"No veo las consecuencias positivas porque insisto en que no las exponen, entonces a lo mejor si lo tuviera 
más claro cambiaría totalmente de opinión, pero ahora como no, creo que lo mejor sería un diálogo y que todas 
las partes..."
MOD,"¿SERÍA UN POCO LA PROPUESTA DE ELLA? ¿TE SUBIRÍAS? NO SÉ SI EL TEMA DE LA MONARQUÍA TAMBIÉN CAE 
O ¿NO? PORQUE DE MOMENTO LLEVAMOS DOS QUE... ANTI-MONÁRQUICAS."
M3,Sinceramente me da igual.
MOD,"TU COMO, ESTAMOS HACIENDO DE CARA AL FUTURO, QUE ES LO QUE NOS GUSTARÍA Y LO QUE CREEMOS QUE 
SUCEDERÁ."
M4,"No sé qué va a pasar, pero sinceramente creo que no pasará nada. O sea, yo no me creo que haya cambios 
sustanciales que todo eso se focalice en algo, no creo. creo que se intentará estirar un poco esto, pero cuando 
se vea a nivel de aquí, que ya no creo que salga otro partido político, pienso.  O sea, una Convergencia de antes. 
Un poco aquella hegemonía más derecha nacionalista catalana, que tal vez se enroló en esto, que ahora no es 
que esté retrocediendo porque creo que el satélite de la independencia seguirá estando presente, pero un poco 
fáctico, hasta que España no cambie no puedo pasarme todo el día hablando de algo que no llegará. Creo que 
a nivel del discurso tal vez todavía esté presente, pero alguien pondrá sabiduría y querrá gobernar. Hablar de 
cosas, porque no todo el día ""procés, procés"" ¡creo! Y cuando España cambie si creo que tal vez tendremos un 
referéndum, pero estoy hablando de aquí a  o  años. O sea, yo no creo que este conflicto desaparezca, pero 
que se disipará muchísimo hasta de aquí no sé cuándo tal vez..."
MOD,"VALE  O  SEA  ESTO  HA  SIDO  COMO  UN  PRIMER  BOOM,  PORQUE  DE  AQUÍ  A  UNOS  AÑOS  VUELVA  DE  OTRA 
MANERA SI ESPAÑA CAMBIA."
M4,"Estamos supeditados a esto, claro, sí. Si el discurso de Podemos un poco más potente."
MOD,"ENTONCES, ¿ESTE SERÍA EL ESCENARIO QUE TE GUSTARÍA?"
M4,"A mí me gustaría que esto sucediera mañana. Pero sé, creo que no sucederá mañana."
MOD,¿EL REFERÉNDUM? ¿O LA INDEPENDENCIA?
M4,"El referéndum y un poco propuestas reales de verdad, bueno proyectos y que nosotros decidiéramos lo 
que queremos hacer, sí. A mí me gustaría sí, pero no creo que pase."
MOD,"BIEN, ¿SEGUIMOS?"
M5,Lo que me gustaría es un poco lo que todas van diciendo.
M4,¡Ah y fuera de la monarquía!
MOD,"A ESTO SI LLEGAMOS A UN ACUERDO, ¿NO?"
M5,Con diferentes matices a ver
MOD,SÍ PORQUE HAN DICHO COSAS DIFERENTES...
M5,"Bueno,  pero  hay  como  una  visión  crítica  de  todos,  ¿no?  Nadie  está  diciendo  yo  estoy  a  favor  o 
completamente a favor de cómo ha actuado... ¡Alguien! Quiero decir que se puede ser crítico en ambos lados. 
Y obviamente se presentan los matices, yo por añadir un punto diferente, a mí lo que me ha hecho enojar mucho 
es la capacidad no crítica de la gente. ¿No? Muchas veces el hecho de tratar de hablar con mi madre y ""¿porque 
vota por la independencia?"" y ""¡Porque sí!"", no, pero dame un argumento... ¡No! ¡Porque sí! "". Y ya está. Y no, 
porque no se puedes incidir más en las escuelas para hacer que los niños sean críticos, que piensen."
MOD,"¿AQUI VA AQUELLO QUE DECÍAS DE LOS TÍTERES, DEL PENSAMIENTO ACRÍTICO O…?"
M5,"Si, cuando salió por ejemplo Sánchez, con el tema de las hipotecas, cuando ya se había salido que los bancos 
no pagarían, bueno los bancos ya no tenían excusa para aumentar los intereses, pero entonces sale el Sánchez 
y dice: ""no bien yo si haré que paguen los intereses "", Bueno, pero ahora los bancos subirán intereses, los clientes 
terminarán pagando aún más, es una medida que lo único que estás haciendo, tú dices que estás salvando a 
todo el mundo pero todavía estás empeorando más a todos, antes era injusto, ¡pero al menos no estábamos 
peor! ¡Y ahora están aún peor y encima quieres ganar rédito de esto! ¿Porque no cae alguien que hace esto? 
Porque no puedes salir la gente diciendo ""¿qué estás haciendo?"", a mí esto es lo que me desespera. Y lo que yo 
querría es que no sólo en Cataluña, toda España la gente pudiera llegar a un punto de ser lo suficientemente 
crítica como para decir ""esto no"". Y obviamente los políticos siempre jugarán, pero eso realmente hubiera un 
debate fundamental, pero a veces tengo la sensación de que la gente piensa como la caverna, quiero decir que 
es que no..."
M4,"Y es que en el propio núcleo y todo pasa, ¿no? De gente que te quieres y dices ""¿en serio?"""
M5,"¡Sí! En todos los ámbitos, tanto no independentista con el ""¡a por ellos!"" como independentistas de ""yo no 
te  daré  ningún  argumento,  pero  seremos  independientes"",  y  sin  ir  a  la  independencia,  lo  veo  en  todos  los 
ámbitos de hoy en día. Yo quisiera más educación en los niños de la escuela y a partir de  aquí yo  tendría la 
esperanza de que realmente se pudiera llegar un día a una sociedad en la que se pudiera hablar las cosas. Y 
ahora  por  ahora  creo  que  la  situación  no  es  sostenible  tal  y  como  esta,  la  independencia  no  la  veo  viable 
tampoco porque hay muchos fondos que no entiendo, e lo que quisiera idealmente sería esto. Sin monarquía, 
tampoco estoy a favor, y una comprensión diferente de lo que es ahora."
MOD,¿Y LO QUÉ CREES QUE PASARÁ?
M5,"Pues  lo  mismo  está  sucediendo  ahora,  que  los  presos  políticos  irán  a  la  cárcel,  pero  por  buen 
comportamiento en lugar de ser  años terminará siendo , ¡espero! Espero que no sea ninguno, pero bueno, 
terminarán siendo unos pocos, se les dejarán salir mientras hablan de  otros temas que, si no son los Juegos 
Olímpicos de Invierno en Barcelona, que, si no sé qué, poco a poco habrá otros temas que irán invadiendo el 
espacio público y ya está, y volveremos a esta especie de día a día donde ya no se hablará de ello."
MOD,"VALE, ¿SE MANTENDRÁN ESTOS TEMAS QUE NO SE HABLAN EN LAS CENAS DE NAVIDAD?"
M4,Bueno es un satélite estará por allí creo...
M5,"¿Es como el rencor? Es como aquel pequeño rencor, hay gente que no es rencorosa, que pasa y hay gente 
que siempre te queda, que tú hace  años me dijiste esto, pero no te lo echan a la cara ni... El diálogo se abrirá 
un poco más."
MOD,O SEA QUE AQUÍ SE HAN GENERADO... ¿HAY HERIDAS AQUÍ?
M5,Ahora sí
M4,A mucha gente sí ¿eh?
MOD,¿VOSOTRAS TENÉIS? ¿SENTÍS HERIDA?
M7,"Sí, pero la vida hace heridas, eso y otras cosas, no sólo eso."
M4,"Yo noto mucha tristeza primero por lo de la sociedad no crítica, y después por eso, siempre quiero tener 
esa niña que cree que un mundo mejor es posible, porque y no quiero dejar a esa niña, pero cuando ves que 
hemos llegado a este punto, la manipulación mediática, el rédito electoral a cualquier precio, las mentiras, el 
cinismo... Mucha pena."
MOD,PUES CONTINUAMOS CON LA RONDA Y YA TERMINAMOS.
M6,"Bueno, ya de entrada la monarquía fuera"
MOD,"ESO... POBRES... TODAS, UNANIMIDAD"
M6,"Después  de la  visión  política,  lo  que  ha  dicho, trabajar  eso,  de  cara  también  a  un  diálogo,  un  concierto 
económico y no acabo de ver viable la independencia porque hay muchas cosas, seguiremos perteneciendo a la 
Unión Europea, la moneda, a nivel económico no lo veo claro, pero bueno también me gustaría esto que ya que 
es  una  visión  crítica  a  los  políticos,  que  hubiera  un  político  que  se  pudiera  creer  con  él  porque  en  estos 
momentos tampoco creo en ninguno, pero también creo que estaremos igual, que tardaremos tiempo en que... 
¡a lo mejor no! A lo mejor también hay que ser un poco positivos y optimistas y a lo mejor las cosas cambian 
pero que esto costará, de que cambie vaya."
MOD,"¿DE QUE SE PUEDA VOLVER A HABLAR DE ESTE TEMA, QUIERES DECIR?"
M6,"Bueno no, de que haya un avance para aclarar las cosas."
MOD,O SEA QUE POR EL MOMENTO CONTINUAREMOS EN ESTE PUNTO MUERTO...
M6,"Sí, más o menos en stand by, sí."
MOD,¿Y TÚ CÓMO LO VES?
M7,"A mí  lo  que  me  gustaría  es  que hubiera  un  referéndum  pactado  y  vinculante  en  el  cual  todo el  mundo 
pudiera  defender  su  postura,  donde  hubiera  una  campaña  para  el  Sí  y  una  campaña  para  el  No,  y  que  me 
sedujeran, tanto unos como otros. Esto es lo que me gustaría. Yo creo que sí que se han movido cosas y que 
habrá un cambio, cuando digo cambio a medio plazo creo o me gustaría, o tal vez tengo una visión un poco 
ingenua, que esto sí generará cambios, si, a corto, largo plazo sí."
MOD,¿EN QUÉ SENTIDO?
M7,"Las cosas no pueden volver a estar como estaban, creo que tarde o temprano se habrá de hacer algo, creo 
que sí, que, si se ha generado un proceso de cambio, no en un año ni en  ni en  pero sí que cambiarán las 
cosas."
MOD,ELLA TENÍA EL HORIZONTE EN  AÑOS EL REFERÉNDUM...
M7,"Creo que menos...  Y  luego también  un  poco lanzar  una  bomba porque  sí  que  es  cierto  que  el  proyecto 
independentista  no está  claro ¿no?  Estoy  segura  de  que  votaría  que sí  seguramente,  no porque  crea  en  los 
políticos independentistas, pero porque tengo necesidad de cambiar, de probar una cosa nueva, porque lo que 
hay no me gusta. Y sí que se le exige un poco mucho al proyecto independentista ""¿Cuál es el proyecto cual es 
el  futuro  cual  es  el  no  sé  qué...""  Pero  es  que  hay  muchos  otros  proyectos,  yo  no  sé  qué  proyecto  tiene  el 
Gobierno de España respecto a la monarquía, no sé qué proyecto tiene respeto al cambio climático, respeto a 
pensiones  insostenibles,  quiero  decir  que  hay  muchas  cosas  que  también  la  inercia  hace  que  vamos  vamos 
vamos y ya está. Y después también para mí me ha cansado oír la palabra constitución y la palabra democracia 
y no sé qué y no cuantos, porque todo el proceso de cambio se han saltado las leyes, alguien se ha saltado leyes 
porque si no todavía estaríamos en la mediana edad, si no hubiera habido alguien que no hubiera transgredido 
la ley o el statu quo del momento o el que era mayoritariamente aceptado."
MOD,O SEA QUE CREES QUE VOLVERÁ A SUCEDER...
M7,"Yo creo que debe haber cambio, que sí que es un proceso de cambio."
MOD,"MUY  BIEN,  SÉ  SI  HEMOS  ARREGLADO  EL  TEMA,  PERO  HE  DISFRUTADO  MUCHO  DE  VUESTRAS  OPINIONES, 
GRACIAS POR TENER VENIR."
